Last,First,Middle,Suffix,Nickname,Born,Death,Sex,Position,Party,State,District,Start,End,Religion,Race,Educational Attainment,JobType1,JobType2,JobType3,JobType4,JobType5,Mil1,Mil2,Mil3
Abercrombie,Neil,,,,06/26/1938,,M,U.S. Representative,Democrat,HI,1,01/03/1991,02/28/2010,Not specified,White,Doctorate degree,Education,,,,,Did not serve,,
Ackerman,Gary,L.,,,11/19/1942,,M,U.S. Representative,Democrat,NY,5,01/05/1993,01/03/2013,Jewish,White,Bachelor's degree,Business or banking,Education,Journalism,,,Did not serve,,
Aderholt,Robert,B.,,,07/22/1965,,M,U.S. Representative,Republican,AL,4,01/07/1997,01/03/2019,Protestant,White,Professional degree,Law,Public service/politics,,,,Did not serve,,
Adler,John,,,,08/23/1959,,M,U.S. Representative,Democrat,NJ,3,01/06/2009,01/03/2011,Jewish,White,Professional degree,Law,,,,,Did not serve,,
Akaka,Daniel,Kahikina,,,09/11/1924,04/06/2018,M,U.S. Senator,Democrat,HI,,05/16/1990,01/02/2013,Congregationalist,Asian American,Master's degree,Education,Public service/politics,,,,Army,,
Akin,W.,Todd,,,07/05/1947,,M,U.S. Representative,Republican,MO,2,01/03/2001,01/03/2013,Christian,White,Master's degree,Education,,,,,Did not serve,,
Alexander,Lamar,,,,07/03/1940,,M,U.S. Senator,Republican,TN,,01/03/2003,01/03/2021,Presbyterian,White,Professional degree,Public service/politics,,,,,Did not serve,,
Alexander,Rodney,,,,12/05/1946,,M,U.S. Representative,Republican,LA,5,08/08/2004,09/27/2013,Baptist,White,High School graduate,Business or banking,Construction/building trades,,,,U.S. Air Force Reserve,,
Altmire,Jason,,,,03/07/1968,,M,U.S. Representative,Democrat,PA,4,01/03/2007,01/03/2013,Roman Catholic,White,Master's degree,Business or banking,,,,,Did not serve,,
Andrews,Robert,E.,,,08/04/1957,,M,U.S. Representative,Democrat,NJ,1,01/03/1991,02/18/2014,Episcopalian,White,Professional degree,Education,Law,,,,Did not serve,,
Arcuri,Michael,,,,06/11/1959,,M,U.S. Representative,Democrat,NY,24,01/03/2007,01/03/2011,Roman Catholic,White,Professional degree,Law,,,,,Did not serve,,
Austria,Steve,,,,10/12/1958,,M,U.S. Representative,Republican,OH,7,01/06/2009,01/03/2013,Roman Catholic,Asian American,Bachelor's degree,Business or banking,,,,,Did not serve,,
Baca,Joe,,,,01/23/1947,,M,U.S. Representative,Democrat,CA,43,01/03/2003,01/03/2013,Roman Catholic,Hispanic,Bachelor's degree,Business or banking,,,,,Did not serve,,
Bachmann,Michele,,,,04/06/1956,,F,U.S. Representative,Republican,MN,6,01/03/2007,01/03/2015,Evangelical Lutheran,White,Professional degree,Law,,,,,Did not serve,,
Bachus,Spencer,,,,12/28/1947,,M,U.S. Representative,Republican,AL,6,01/05/1993,01/03/2015,Baptist,White,Professional degree,Business or banking,Law,,,,National Guard,,
Baird,Brian,,,,03/07/1956,,M,U.S. Representative,Democrat,WA,3,01/03/1999,01/03/2011,Protestant,White,Doctorate degree,Education,Medicine,,,,Did not serve,,
Baldwin,Tammy,,,,02/11/1962,,F,U.S. Representative,Democrat,WI,2,01/03/1999,01/03/2013,Not specified,White,Professional degree,Law,,,,,Did not serve,,
Barrasso,John,A.,,,07/21/1952,,M,U.S. Senator,Republican,WY,,06/25/2007,01/03/2019,Presbyterian,White,Professional degree,Medicine,,,,,Did not serve,,
Barrett,James,Gresham,,Gresham,02/14/1961,,M,U.S. Representative,Republican,SC,3,01/03/2003,01/03/2011,Baptist,White,Bachelor's degree,Business or banking,,,,,U.S. Army,,
Barrow,John,,,,10/31/1955,,M,U.S. Representative,Democrat,GA,12,01/03/2005,01/03/2015,Baptist,White,Professional degree,Law,,,,,Did not serve,,
Bartlett,Roscoe,G.,,,06/03/1926,,M,U.S. Representative,Republican,MD,6,01/05/1993,01/03/2013,Seventh-Day Adventist,White,Doctorate degree,Agriculture,Business or banking,Education,Engineering,Real Estate,Did not serve,,
Barton,Joe,Linus,,,09/15/1949,,M,U.S. Representative,Republican,TX,6,01/03/1985,01/03/2019,Methodist,White,Master's degree,Misc.,Public service/politics,,,,Did not serve,,
Baucus,Max,Sieben,,,12/11/1941,,M,U.S. Senator,Democrat,MT,,01/15/1979,02/06/2014,United Church of Christ,White,Professional degree,Law,,,,,Did not serve,,
Bayh,Evan,,,,12/26/1955,,M,U.S. Senator,Democrat,IN,,01/03/1999,01/03/2011,Episcopalian,White,Professional degree,Law,,,,,Did not serve,,
Bean,Melissa,,,,01/22/1962,,F,U.S. Representative,Democrat,IL,8,01/03/2005,01/03/2011,Serbian Orthodox,White,Bachelor's degree,Business or banking,,,,,Did not serve,,
Becerra,Xavier,,,,01/26/1958,,M,U.S. Representative,Democrat,CA,31,01/03/2003,01/03/2013,Roman Catholic,Hispanic,Bachelor's degree,Law,,,,,Did not serve,,
Begich,Mark,,,,03/30/1962,,M,U.S. Senator,Democrat,AK,,01/06/2009,01/03/2015,Roman Catholic,White,Unknown,Construction/building trades,,,,,Did not serve,,
Bennet,Michael,F.,,,11/28/1964,,M,U.S. Senator,Democrat,CO,,01/22/2009,01/03/2019,Not specified,White,Bachelor's degree,Education,,,,,Did not serve,,
Bennett,Robert,F.,,,09/18/1933,05/04/2016,M,U.S. Senator,Republican,UT,,01/05/1993,01/03/2011,Mormon,White,Bachelor's degree,Business or banking,Congressional Aide,Misc.,,,National Guard,,
Berkley,Shelley,,,,01/20/1951,,F,U.S. Representative,Democrat,NV,1,01/03/1999,01/03/2013,Jewish,White,Professional degree,Law,,,,,Did not serve,,
Berman,Howard,L.,,,04/15/1941,,M,U.S. Representative,Democrat,CA,28,01/03/2001,01/03/2013,Jewish,White,Professional degree,Law,,,,,Did not serve,,
Berry,Marion,,,,08/27/1942,,M,U.S. Representative,Democrat,AR,1,01/07/1997,01/03/2011,Methodist,White,Bachelor's degree,Agriculture,Public service/politics,,,,Did not serve,,
Biden,Joseph,Robinette,Jr.,Joe,11/20/1942,,M,U.S. Senator,Democrat,DE,,01/03/1973,01/15/2009,Roman Catholic,White,Professional degree,Law,,,,,Did not serve,,
Biden,Joseph,Robinette,Jr.,Joe,11/20/1942,,M,U.S. Vice President,Democrat,,,01/20/2009,01/19/2017,Roman Catholic,White,Professional degree,Law,,,,,Did not serve,,
Biggert,Judith,Borg,,,08/15/1937,,F,U.S. Representative,Republican,IL,13,01/03/1999,01/03/2013,Episcopalian,White,Professional degree,Law,,,,,Did not serve,,
Bilbray,Brian,P.,,,01/28/1951,,M,U.S. Representative,Republican,CA,50,06/13/2006,01/03/2013,Roman Catholic,White,Bachelor's degree,Business or banking,Public service/politics,,,,Did not serve,,
Bilirakis,Gus,M.,,,02/08/1963,,M,U.S. Representative,Republican,FL,9,01/03/2007,01/03/2013,Greek Orthodox,White,Professional degree,Law,,,,,Did not serve,,
Bingaman,Jeff,,,,10/03/1943,,M,U.S. Senator,Democrat,NM,,01/03/1983,01/03/2013,Methodist,White,Professional degree,Law,,,,,Army Reserve,,
Bishop,Robert,,,Rob,07/13/1951,,M,U.S. Representative,Republican,UT,1,01/03/2003,01/03/2019,Mormon,White,Bachelor's degree,Education,,,,,Did not serve,,
Bishop,Sanford,D.,Jr.,,02/04/1947,,M,U.S. Representative,Democrat,GA,2,01/05/1993,01/03/2019,Baptist,African American,Professional degree,Law,,,,,Did not serve,,
Bishop,Timothy,H.,,,06/01/1950,,M,U.S. Representative,Democrat,NY,1,01/03/2003,01/03/2015,Roman Catholic,White,Master's degree,Education,,,,,Did not serve,,
Blackburn,Marsha,,,,06/06/1952,,F,U.S. Representative,Republican,TN,7,01/03/2003,01/03/2019,Presbyterian,White,Bachelor's degree,Business or banking,,,,,Did not serve,,
Blumenauer,Earl,,,,08/16/1948,,M,U.S. Representative,Democrat,OR,3,05/21/1996,01/03/2019,Not specified,White,Bachelor's degree,Law,Public service/politics,,,,Did not serve,,
Blunt,Roy,,,,01/10/1950,,M,U.S. Representative,Republican,MO,7,01/07/1997,01/03/2011,Baptist,White,Master's degree,Education,,,,,Did not serve,,
Boccieri,John,,,,10/05/1969,,M,U.S. Representative,Democrat,OH,16,01/06/2009,01/03/2011,Roman Catholic,White,Master's degree,Public service/politics,,,,,Air Force,Air Force Reserve,Ohio Air National Guard
Boehner,John,A.,,,11/17/1949,,M,U.S. Representative,Republican,OH,8,01/03/1991,10/31/2015,Roman Catholic,White,Bachelor's degree,Business or banking,Public service/politics,,,,Navy,,
Bond,Christopher,S.,,Kit,03/06/1939,,M,U.S. Senator,Republican,MO,,01/06/1987,01/03/2011,Presbyterian,White,Professional degree,Law,,,,,Did not serve,,
Bonner,Josiah,Robbins,Jr.,Jo,11/19/1959,,M,U.S. Representative,Republican,AL,1,01/03/2003,08/02/2013,Episcopalian,White,Bachelor's degree,Congressional Aide,,,,,Did not serve,,
Bono Mack,Mary,,,,10/24/1961,,F,U.S. Representative,Republican,CA,45,01/03/2003,01/03/2013,Protestant,White,Bachelor's degree,Misc.,Public service/politics,,,,Did not serve,,
Boozman,John,N.,,,12/10/1950,,M,U.S. Representative,Republican,AR,3,11/20/2001,01/02/2011,Baptist,White,Professional degree,Medicine,,,,,Did not serve,,
Boren,Dan,,,,08/02/1973,,M,U.S. Representative,Democrat,OK,2,01/03/2005,01/03/2013,Methodist,White,Master's degree,Congressional Aide,,,,,Did not serve,,
Boswell,Leonard,L.,,,01/10/1934,08/17/2018,M,U.S. Representative,Democrat,IA,3,01/07/1997,01/03/2013,Reorganized Church of Jesus Christ of Latter-Day Saints,White,Bachelor's degree,Agriculture,Public service/politics,,,,Army,,
Boucher,Frederick,C.,,Rick,08/01/1946,,M,U.S. Representative,Democrat,VA,9,01/03/1983,01/03/2011,Methodist,White,Professional degree,Law,,,,,Did not serve,,
Boustany,Charles,W.,Jr.,,02/21/1956,,M,U.S. Representative,Republican,LA,7,01/03/2005,01/03/2013,Episcopalian,White,Professional degree,Journalism,,,,,Did not serve,,
Boxer,Barbara,,,,11/11/1940,,F,U.S. Senator,Democrat,CA,,01/05/1993,01/03/2017,Jewish,White,Bachelor's degree,Business or banking,Congressional Aide,Journalism,,,Did not serve,,
Boyd,F.,Allen,Jr.,Allen,06/06/1945,,M,U.S. Representative,Democrat,FL,2,01/07/1997,01/03/2011,Methodist,White,Bachelor's degree,Agriculture,Public service/politics,,,,Army,,
Brady,Kevin,,,,04/07/1955,,M,U.S. Representative,Republican,TX,8,01/07/1997,01/03/2019,Roman Catholic,White,Bachelor's degree,Business or banking,,,,,Did not serve,,
Brady,Robert,,,,04/07/1945,,M,U.S. Representative,Democrat,PA,1,05/19/1998,01/03/2019,Roman Catholic,White,High School graduate,Construction/building trades,Labor leader,Public service/politics,,,Did not serve,,
Braley,Bruce,,,,10/30/1957,,M,U.S. Representative,Democrat,IA,1,01/03/2007,01/03/2015,Presbyterian,White,Professional degree,Law,,,,,Did not serve,,
Bright,Bobby,N.,,,07/21/1952,,M,U.S. Representative,Democrat,AL,2,01/06/2009,01/03/2011,Baptist,White,Professional degree,Law,,,,,Did not serve,,
Broun,Paul,,,,05/14/1946,,M,U.S. Representative,Republican,GA,10,07/25/2007,01/03/2015,Baptist,White,Professional degree,Medicine,,,,,Ga. Air National Guard,Marine Corps Reserve,Naval Reserve
Brown,Corrine,,,,11/11/1946,,F,U.S. Representative,Democrat,FL,3,01/05/1993,01/03/2013,Baptist,African American,Professional degree,Business or banking,Education,,,,Did not serve,,
Brown,Henry,,Jr.,,12/20/1935,,M,U.S. Representative,Republican,SC,1,01/03/2001,01/03/2011,Baptist,White,High School graduate,,,,,,Did not serve,,
Brown,Scott,,,,09/12/1959,,M,U.S. Senator,Republican,MA,,02/04/2010,01/03/2013,Christian Reformed,White,Professional degree,Law,,,,,MA Army National Guard,,
Brown,Sherrod,,,,11/09/1952,,M,U.S. Senator,Democrat,OH,,01/03/2007,01/03/2019,Presbyterian,White,Master's degree,Education,,,,,Did not serve,,
Brownback,Sam,,,,09/12/1956,,M,U.S. Senator,Republican,KS,,11/27/1996,01/03/2011,Methodist,White,Professional degree,Education,Journalism,Law,Public service/politics,,Did not serve,,
Brown-Waite,Virginia,,,Ginny,10/05/1943,,F,U.S. Representative,Republican,FL,5,01/03/2003,01/03/2011,Roman Catholic,White,Master's degree,Education,,,,,Did not serve,,
Buchanan,Vernon,G.,,Vern,05/08/1951,,M,U.S. Representative,Republican,FL,13,01/03/2007,01/03/2013,Baptist,White,Master's degree,Business or banking,,,,,Mich. Air National Guard,,
Bunning,James,Paul David,,Jim,10/23/1931,05/26/2017,M,U.S. Senator,Republican,KY,,01/03/1999,01/03/2011,Roman Catholic,White,Bachelor's degree,Business or banking,Sports,,,,Did not serve,,
Burgess,Michael,,,,12/23/1950,,M,U.S. Representative,Republican,TX,26,01/03/2003,01/03/2019,Episcopalian,White,Master's degree,Medicine,,,,,Did not serve,,
Burr,Richard,M.,,,11/30/1955,,M,U.S. Senator,Republican,NC,,01/03/2005,01/03/2019,Methodist,White,Bachelor's degree,Business or banking,,,,,Did not serve,,
Burris,Roland,Wallace,,,08/03/1937,,M,U.S. Senator,Democrat,IL,,01/15/2009,01/03/2011,Baptist,African American,Professional degree,Law,,,,,Did not serve,,
Burton,Danny,Lee,,Dan,06/21/1938,,M,U.S. Representative,Republican,IN,5,01/03/2003,01/03/2013,Protestant,White,Unknown,Business or banking,Real Estate,,,,Army,Reserve,Reserve
Butterfield,George,Kenneth,Jr.,,04/27/1947,,M,U.S. Representative,Democrat,NC,1,07/20/2004,01/03/2019,Baptist,African American,Professional degree,Law,,,,,Army,,
Buyer,Stephen,Earle,,Steve,11/26/1958,,M,U.S. Representative,Republican,IN,4,01/03/2003,01/03/2011,Methodist,White,Professional degree,Law,,,,,Army,Army Reserve,
Byrd,Robert,Carlyle,,,11/20/1917,06/28/2010,M,U.S. Senator,Democrat,WV,,01/07/1959,06/28/2010,Baptist,White,Professional degree,Law,,,,,Did not serve,,
Calvert,Ken,,,,06/08/1953,,M,U.S. Representative,Republican,CA,44,01/03/2003,01/03/2013,Protestant,White,Bachelor's degree,Business or banking,Real Estate,,,,Did not serve,,
Camp,Dave,L.,,,07/09/1953,,M,U.S. Representative,Republican,MI,4,01/05/1993,01/03/2015,Roman Catholic,White,Professional degree,Congressional Aide,Law,,,,Did not serve,,
Campbell,John,,,,07/19/1955,,M,U.S. Representative,Republican,CA,48,12/06/2005,01/03/2013,Presbyterian,White,Master's degree,Business or banking,,,,,Did not serve,,
Cantor,Eric,I.,,,06/06/1963,,M,U.S. Representative,Republican,VA,7,01/03/2001,08/18/2014,Jewish,White,Professional degree,Real Estate,,,,,Did not serve,,
Cantwell,Maria,E.,,,10/13/1958,,F,U.S. Senator,Democrat,WA,,01/03/2001,01/03/2019,Roman Catholic,White,Bachelor's degree,Misc.,,,,,Did not serve,,
Cao,Anh,,,Joseph,03/13/1967,,M,U.S. Representative,Republican,LA,2,01/06/2009,01/03/2011,Roman Catholic,Asian American,Professional degree,Law,,,,,Did not serve,,
Capito,Shelley,Moore,,,11/26/1953,,F,U.S. Representative,Republican,WV,2,01/03/2001,01/03/2015,Presbyterian,White,Master's degree,Education,,,,,Did not serve,,
Capps,Lois,,,,01/10/1938,,F,U.S. Representative,Democrat,CA,23,01/03/2001,01/03/2013,Lutheran,White,Master's degree,Education,Medicine,,,,Did not serve,,
Capuano,Michael,Everett,,,01/09/1952,,M,U.S. Representative,Democrat,MA,8,01/03/1999,01/03/2013,Roman Catholic,White,Professional degree,Law,,,,,Did not serve,,
Cardin,Benjamin,L.,,,10/05/1943,,M,U.S. Senator,Democrat,MD,,01/03/2007,01/03/2019,Jewish,White,Professional degree,Law,,,,,Did not serve,,
Cardoza,Dennis,A.,,,03/21/1959,,M,U.S. Representative,Democrat,CA,18,01/03/2003,08/15/2012,Roman Catholic,White,Bachelor's degree,Real Estate,,,,,Did not serve,,
Carnahan,Russ,,,,07/10/1958,,M,U.S. Representative,Democrat,MO,3,01/03/2005,01/03/2013,Methodist,White,Professional degree,Congressional Aide,Law,,,,Did not serve,,
Carney,Christopher,,,,03/02/1959,,M,U.S. Representative,Democrat,PA,10,01/03/2007,01/03/2011,Roman Catholic,White,Doctorate degree,Education,,,,,Naval Reserve,,
Carper,Thomas,Richard,,,01/23/1947,,M,U.S. Senator,Democrat,DE,,01/03/2001,01/03/2019,Presbyterian,White,Master's degree,Public service/politics,,,,,Navy,Reserve,
Carson,Andre,,,,10/16/1974,,M,U.S. Representative,Democrat,IN,7,03/11/2008,01/03/2019,Muslim,African American,Master's degree,Business or banking,Law Enforcement,Public service/politics,,,Did not serve,,
Carter,John,,,,11/06/1941,,M,U.S. Representative,Republican,TX,31,01/03/2003,01/03/2019,Lutheran,White,Professional degree,Law,,,,,Did not serve,,
Casey,Robert,P.,Jr.,Bob,04/13/1960,,M,U.S. Senator,Democrat,PA,,01/03/2007,01/03/2019,Roman Catholic,White,Professional degree,Law,,,,,Did not serve,,
Cassidy,Bill,,,,09/28/1957,,M,U.S. Representative,Republican,LA,6,01/06/2009,01/03/2015,Christian,White,Professional degree,Medicine,,,,,Did not serve,,
Castle,Michael,N.,,,07/02/1939,,M,U.S. Representative,Republican,DE,AL,01/05/1993,01/03/2011,Roman Catholic,White,Professional degree,Law,,,,,Did not serve,,
Castor,Kathy,,,,08/20/1966,,F,U.S. Representative,Democrat,FL,11,01/03/2007,01/03/2013,Presbyterian,White,Professional degree,Law,,,,,Did not serve,,
Chaffetz,Jason,,,,03/26/1967,,M,U.S. Representative,Republican,UT,3,01/03/2009,06/30/2017,Mormon,White,Bachelor's degree,Business or banking,,,,,Did not serve,,
Chambliss,Saxby,,,,11/10/1943,,M,U.S. Senator,Republican,GA,,01/03/2003,01/03/2015,Episcopalian,White,Professional degree,Business or banking,Law,,,,Did not serve,,
Chandler,A.,Ben,,Ben,09/12/1959,,M,U.S. Representative,Democrat,KY,6,02/17/2004,01/03/2013,Presbyterian,White,Professional degree,Law,,,,,Did not serve,,
Cheney,Richard,B.,,,01/30/1941,,M,U.S. Vice President,Republican,,,01/20/2001,01/20/2009,Methodist,White,Master's degree,Business or banking,,,,,Did not serve,,
Childers,Travis,W,,,03/29/1958,,M,U.S. Representative,Democrat,MS,1,05/13/2008,01/03/2011,Baptist,White,Bachelor's degree,Business or banking,Real Estate,,,,Did not serve,,
Chu,Judy,,,,07/07/1953,,F,U.S. Representative,Democrat,CA,32,07/16/2009,01/03/2013,Not specified,Asian American,Professional degree,Education,,,,,Did not serve,,
Clarke,Yvette,D.,,,11/21/1964,,F,U.S. Representative,Democrat,NY,11,01/03/2007,01/03/2013,Christian,African American,High School graduate,Public service/politics,,,,,Did not serve,,
Clay,William,Lacy,Jr.,,07/27/1956,,M,U.S. Representative,Democrat,MO,1,01/03/2001,01/03/2019,Roman Catholic,African American,Bachelor's degree,Public service/politics,,,,,Did not serve,,
Cleaver,Emanuel,,II,,10/26/1944,,M,U.S. Representative,Democrat,MO,5,01/03/2005,01/03/2019,Methodist,African American,Master's degree,Acting/entertainer,Clergy,,,,Did not serve,,
Clinton,Hillary,Rodham,,,10/26/1947,,F,U.S. Senator,Democrat,NY,,01/03/2001,01/21/2009,Methodist,White,Professional degree,Law,,,,,Did not serve,,
Clyburn,James,E.,,,07/21/1940,,M,U.S. Representative,Democrat,SC,6,01/05/1993,01/03/2019,African Methodist Episcopalian,African American,Bachelor's degree,Public service/politics,,,,,Did not serve,,
Coble,Howard,,,,03/18/1931,11/03/2015,M,U.S. Representative,Republican,NC,6,01/03/1985,01/03/2015,Presbyterian,White,Professional degree,Business or banking,Law,,,,Coast Guard,Reserve,Reserve
Coburn,Tom,A.,,,03/14/1948,,M,U.S. Senator,Republican,OK,,01/03/2005,01/03/2015,Baptist,White,Professional degree,Business or banking,Medicine,,,,Did not serve,,
Cochran,William,Thad,,Thad,12/07/1937,,M,U.S. Senator,Republican,MS,,01/03/1979,04/01/2018,Baptist,White,Professional degree,Law,,,,,Navy,,
Coffman,Mike,,,,02/27/1955,,M,U.S. Representative,Republican,CO,6,01/06/2009,01/03/2019,United Methodist,White,Bachelor's degree,Real Estate,,,,,Army,Army Reserves,Marine Corps
Cohen,Stephen,I.,,,05/24/1949,,M,U.S. Representative,Democrat,TN,9,01/03/2007,01/03/2019,Jewish,White,Professional degree,Law,,,,,Did not serve,,
Cole,Thomas,J.,,Tom,04/28/1949,,M,U.S. Representative,Republican,OK,4,01/03/2003,01/03/2019,Methodist,Native American,Doctorate degree,Education,,,,,Did not serve,,
Collins,Susan,Margaret,,,12/07/1952,,F,U.S. Senator,Republican,ME,,01/07/1997,01/03/2021,Roman Catholic,White,Bachelor's degree,Business or banking,Congressional Aide,Public service/politics,,,Did not serve,,
Conaway,Michael,K.,,Mike,06/11/1948,,M,U.S. Representative,Republican,TX,11,01/03/2005,01/03/2019,Baptist,White,Bachelor's degree,Business or banking,,,,,Army,,
Connolly,Gerald,E.,,,03/30/1950,,M,U.S. Representative,Democrat,VA,11,01/06/2009,01/03/2019,Roman Catholic,White,Master's degree,Public service/politics,,,,,Did not serve,,
Conrad,Kent,,,,05/12/1948,,M,U.S. Senator,Democrat,ND,,01/06/1987,01/03/2013,Unitarian,White,Master's degree,Misc.,Public service/politics,,,,Did not serve,,
Conyers,John,,Jr.,,05/16/1929,,M,U.S. Representative,Democrat,MI,14,01/05/1993,01/03/2013,Baptist,African American,Bachelor's degree,Law,Public service/politics,,,,Army,National Guard,Reserve
Coons,Chris,A.,,,09/09/1963,,M,U.S. Senator,Democrat,DE,,11/15/2010,01/03/2021,Presbyterian,White,Master's degree,Education,Law,,,,Did not serve,,
Cooper,James,Hayes Shofner,,Jim,06/19/1954,,M,U.S. Representative,Democrat,TN,5,01/03/2003,01/03/2019,Episcopalian,White,Professional degree,Law,,,,,Did not serve,,
Corker,Bob,,,,08/24/1952,,M,U.S. Senator,Republican,TN,,01/03/2007,01/03/2019,Protestant,White,Bachelor's degree,Business or banking,,,,,Did not serve,,
Cornyn,John,,,,02/02/1952,,M,U.S. Senator,Republican,TX,,12/02/2002,01/03/2021,Church of Christ,White,Professional degree,Law,,,,,Did not serve,,
Costa,Jim,,,,04/13/1952,,M,U.S. Representative,Democrat,CA,20,01/03/2005,01/03/2013,Roman Catholic,Hispanic,Bachelor's degree,Public service/politics,,,,,Did not serve,,
Costello,Jerry,F.,,,09/25/1949,,M,U.S. Representative,Democrat,IL,12,01/04/1993,01/03/2013,Roman Catholic,White,Master's degree,Law Enforcement,,,,,Did not serve,,
Courtney,Joe,,,,04/06/1953,,M,U.S. Representative,Democrat,CT,2,01/03/2007,01/03/2019,Roman Catholic,White,Professional degree,Law,,,,,Did not serve,,
Crapo,Michael,D.,,,05/20/1951,,M,U.S. Senator,Republican,ID,,01/03/1999,01/03/2023,Mormon,White,Professional degree,Law,,,,,Did not serve,,
Crenshaw,Ander,,,,11/01/1944,,M,U.S. Representative,Republican,FL,4,01/03/2001,01/03/2017,Episcopalian,White,Professional degree,Business or banking,,,,,Did not serve,,
Critz,Mark,,,,01/05/1962,,M,U.S. Representative,Democrat,PA,12,05/18/2010,01/03/2013,Not specified,White,Bachelor's degree,Business or banking,,,,,Did not serve,,
Crowley,Joseph,,,,03/16/1962,,M,U.S. Representative,Democrat,NY,7,01/03/1999,01/03/2013,Roman Catholic,White,Bachelor's degree,Public service/politics,,,,,Did not serve,,
Cuellar,Henry,,,,09/19/1955,,M,U.S. Representative,Democrat,TX,28,01/03/2005,01/03/2019,Roman Catholic,Hispanic,Doctorate degree,Law,,,,,Did not serve,,
Culberson,John,,,,08/24/1956,,M,U.S. Representative,Republican,TX,7,01/03/2001,01/03/2019,Methodist,White,Professional degree,Law,,,,,Did not serve,,
Cummings,Elijah,E.,,,01/18/1951,,M,U.S. Representative,Democrat,MD,7,04/16/1996,01/03/2019,Baptist,African American,Professional degree,Law,,,,,Did not serve,,
Dahlkemper,Kathleen,A.,,Kathy,12/09/1957,,F,U.S. Representative,Democrat,PA,3,01/06/2009,01/03/2011,Roman Catholic,White,Bachelor's degree,Construction/building trades,,,,,Did not serve,,
Davis,Artur,,,,04/09/1967,,M,U.S. Representative,Democrat,AL,7,01/03/2003,01/03/2011,Not specified,African American,Professional degree,Journalism,Law,,,,Did not serve,,
Davis,Danny,K.,,,09/06/1941,,M,U.S. Representative,Democrat,IL,7,01/07/1997,01/03/2019,Baptist,African American,Doctorate degree,Education,Medicine,Public service/politics,,,Did not serve,,
Davis,Geoff,,,,10/26/1958,,M,U.S. Representative,Republican,KY,4,01/03/2005,07/31/2012,Baptist,White,Bachelor's degree,Business or banking,,,,,Army,,
Davis,Lincoln,E,,,09/13/1943,,M,U.S. Representative,Democrat,TN,4,01/03/2003,01/03/2011,Baptist,White,Bachelor's degree,Business or banking,Construction/building trades,Engineering,,,Did not serve,,
Davis,Susan,A.,,,04/13/1944,,F,U.S. Representative,Democrat,CA,53,01/03/2003,01/03/2019,Jewish,White,Master's degree,Misc.,Public service/politics,,,,Did not serve,,
Deal,John,Nathan,,Nathan,08/25/1942,,M,U.S. Representative,Republican,GA,9,01/03/2007,03/21/2010,Baptist,White,Professional degree,Law,,,,,Army,,
DeFazio,Peter,A.,,,05/27/1947,,M,U.S. Representative,Democrat,OR,4,01/06/1987,01/03/2019,Roman Catholic,White,Master's degree,Congressional Aide,,,,,Air Force,,
DeGette,Diana,,,,07/29/1957,,F,U.S. Representative,Democrat,CO,1,01/07/1997,01/03/2019,Presbyterian,White,Professional degree,Law,,,,,Did not serve,,
Delahunt,William,D.,,Bill,07/18/1941,,M,U.S. Representative,Democrat,MA,10,01/07/1997,01/03/2011,Roman Catholic,White,Professional degree,Law,,,,,Coast Guard,,
DeLauro,Rosa,L.,,,03/02/1943,,F,U.S. Representative,Democrat,CT,3,01/03/1991,01/03/2019,Roman Catholic,White,Master's degree,Congressional Aide,Public service/politics,,,,Did not serve,,
DeMint,James,W,,,09/02/1951,,M,U.S. Senator,Republican,SC,,01/03/2005,01/03/2011,Presbyterian,White,Master's degree,Business or banking,,,,,Did not serve,,
Dent,Charles,Wieder,,,05/24/1960,,M,U.S. Representative,Republican,PA,15,01/03/2005,01/03/2019,Presbyterian,White,Master's degree,Congressional Aide,,,,,Did not serve,,
Deutch,Ted,,,,05/07/1966,,M,U.S. Representative,Democrat,FL,19,04/13/2010,01/03/2013,Jewish,White,Professional degree,Law,,,,,Did not serve,,
Diaz-Balart,Lincoln,,,,08/13/1954,,M,U.S. Representative,Republican,FL,21,01/05/1993,01/03/2011,Roman Catholic,Hispanic,Professional degree,Law,,,,,Did not serve,,
Diaz-Balart,Mario,,,,09/25/1961,,M,U.S. Representative,Republican,FL,25,01/03/2003,01/03/2011,Roman Catholic,Hispanic,High School graduate,Business or banking,,,,,Did not serve,,
Dicks,Norman,DeValois,,,12/16/1940,,M,U.S. Representative,Democrat,WA,6,01/04/1977,01/03/2013,Lutheran,White,Professional degree,Congressional Aide,Law,,,,Did not serve,,
Dingell,John,David,Jr.,,07/08/1926,,M,U.S. Representative,Democrat,MI,15,01/03/2003,01/03/2013,Roman Catholic,White,Professional degree,Law,,,,,Army,,
Djou,Charles,K.,,,08/09/1970,,M,U.S. Representative,Republican,HI,1,05/22/2010,01/03/2011,Christian,Asian American,Professional degree,Law,,,,,U.S. Army Reserve,,
Dodd,Christopher,J.,,,05/27/1944,,M,U.S. Senator,Democrat,CT,,01/05/1981,01/03/2011,Roman Catholic,White,Professional degree,Law,,,,,Army Reserve,,
Doggett,Lloyd,,,,10/06/1946,,M,U.S. Representative,Democrat,TX,25,01/04/2005,01/03/2013,Methodist,White,Master's degree,Education,Law,Public service/politics,,,Did not serve,,
Donnelly,Joe,,,,09/28/1955,,M,U.S. Representative,Democrat,IN,2,01/03/2007,01/03/2013,Roman Catholic,White,Professional degree,Business or banking,,,,,Did not serve,,
Dorgan,Byron,Leslie,,,05/14/1942,,M,U.S. Senator,Democrat,ND,,01/05/1993,01/03/2011,Lutheran,White,Master's degree,Public service/politics,,,,,Did not serve,,
Doyle,Michael,F.,,Mike,08/05/1953,,M,U.S. Representative,Democrat,PA,14,01/03/2003,01/03/2019,Roman Catholic,White,Bachelor's degree,Business or banking,Public service/politics,,,,Did not serve,,
Dreier,David,T.,,,07/05/1952,,M,U.S. Representative,Republican,CA,26,01/03/2003,01/03/2013,Christian Scientist,White,Master's degree,Business or banking,,,,,Did not serve,,
Driehaus,Steve,,,,06/24/1966,,M,U.S. Representative,Democrat,OH,1,01/06/2009,01/03/2011,Roman Catholic,White,Master's degree,Public service/politics,,,,,Did not serve,,
Duncan,John,J.,Jr.,"Jimmy, Jr.",07/21/1947,,M,U.S. Representative,Republican,TN,2,01/03/1989,01/03/2019,Presbyterian,White,Professional degree,Law,,,,,Army National Guard,,
Durbin,Richard,Joseph,,,11/21/1944,,M,U.S. Senator,Democrat,IL,,01/07/1997,01/03/2021,Roman Catholic,White,Bachelor's degree,Law,,,,,Did not serve,,
Edwards,Donna,F.,,,06/28/1958,,F,U.S. Representative,Democrat,MD,4,06/17/2008,01/03/2017,Baptist,African American,Professional degree,Aeronautics,Law,,,,Did not serve,,
Edwards,Thomas,Chester,,Chet,11/24/1951,,M,U.S. Representative,Democrat,TX,17,01/04/2005,01/03/2011,Methodist,White,Master's degree,Business or banking,Misc.,,,,Did not serve,,
Ehlers,Vernon,J.,,,02/06/1934,08/15/2017,M,U.S. Representative,Republican,MI,3,12/07/1993,01/03/2011,Christian,White,Doctorate degree,Education,Medicine,,,,Did not serve,,
Ellison,Keith,,,,08/04/1963,,M,U.S. Representative,Democrat,MN,5,01/03/2007,01/03/2019,Muslim,African American,Professional degree,Law,,,,,Did not serve,,
Ellsworth,Brad,,,,09/11/1958,,M,U.S. Representative,Democrat,IN,8,01/03/2007,01/03/2011,Roman Catholic,White,Master's degree,Law Enforcement,,,,,Did not serve,,
Emerson,Jo Ann,,,,09/16/1950,,F,U.S. Representative,Republican,MO,8,01/08/1997,01/22/2013,Presbyterian,White,Bachelor's degree,Public service/politics,,,,,Did not serve,,
Engel,Eliot,L.,,,02/18/1947,,M,U.S. Representative,Democrat,NY,17,01/05/1993,01/03/2013,Jewish,White,Professional degree,Education,Public service/politics,,,,Did not serve,,
Ensign,John,Eric,,,03/25/1958,,M,U.S. Senator,Republican,NV,,01/03/2001,05/03/2011,Christian,White,Professional degree,Business or banking,Medicine,,,,Did not serve,,
Enzi,Michael,B.,,,02/01/1944,,M,U.S. Senator,Republican,WY,,01/07/1997,01/03/2021,Presbyterian,White,Master's degree,Business or banking,,,,,Air National Guard-Wyoming,,
Eshoo,Anna,G.,,,12/13/1942,,F,U.S. Representative,Democrat,CA,14,01/05/1993,01/03/2013,Roman Catholic,White,Associate degree,Public service/politics,,,,,Did not serve,,
Etheridge,Bobby,R.,,Bob,08/07/1941,,M,U.S. Representative,Democrat,NC,2,01/07/1997,01/03/2011,Presbyterian,White,Bachelor's degree,Agriculture,Business or banking,Public service/politics,,,Army,,
Fallin,Mary,,,,12/09/1954,,F,U.S. Representative,Republican,OK,5,01/03/2007,01/03/2011,Christian,White,Bachelor's degree,Real Estate,,,,,Did not serve,,
Farr,Sam,,,,07/04/1941,,M,U.S. Representative,Democrat,CA,17,06/08/1993,01/03/2013,Episcopalian,White,Bachelor's degree,Public service/politics,,,,,Did not serve,,
Fattah,Chaka,,,,11/21/1956,,M,U.S. Representative,Democrat,PA,2,01/04/1995,06/23/2016,Baptist,African American,Master's degree,Public service/politics,,,,,Did not serve,,
Feingold,Russell,D.,,,03/02/1953,,M,U.S. Senator,Democrat,WI,,01/05/1993,01/03/2011,Jewish,White,Professional degree,Law,,,,,Did not serve,,
Feinstein,Dianne,,,,06/22/1933,,F,U.S. Senator,Democrat,CA,,01/05/1993,01/03/2019,Jewish,White,Bachelor's degree,Public service/politics,,,,,Did not serve,,
Filner,Bob,,,,09/04/1942,,M,U.S. Representative,Democrat,CA,51,01/03/2003,12/03/2012,Jewish,White,Doctorate degree,Education,Public service/politics,,,,Did not serve,,
Flake,Jeff,,,,12/31/1962,,M,U.S. Representative,Republican,AZ,6,01/03/2003,01/03/2013,Mormon,White,Master's degree,Public service/politics,,,,,Did not serve,,
Fleming,John,,,,07/05/1951,,M,U.S. Representative,Republican,LA,4,01/06/2009,01/03/2017,Baptist,White,Professional degree,Medicine,,,,,Navy Medical Corps,,
Forbes,J.,Randy,,Randy,02/17/1952,,M,U.S. Representative,Republican,VA,4,06/19/2001,01/03/2017,Baptist,White,Professional degree,Law,,,,,Did not serve,,
Fortenberry,Jeffrey,Lane,,,12/27/1960,,M,U.S. Representative,Republican,NE,1,01/03/2005,01/03/2019,Roman Catholic,White,Master's degree,Business or banking,Congressional Aide,,,,Did not serve,,
Foster,Bill,,,,10/07/1955,,M,U.S. Representative,Democrat,IL,14,03/08/2008,01/03/2011,Not specified,White,Doctorate degree,Business or banking,Misc.,,,,Did not serve,,
Foxx,Virginia,,,,06/29/1943,,F,U.S. Representative,Republican,NC,5,01/03/2005,01/03/2019,Roman Catholic,White,Doctorate degree,Business or banking,Education,,,,Did not serve,,
Frank,Barney,,,,03/31/1940,,M,U.S. Representative,Democrat,MA,4,01/05/1981,01/03/2013,Jewish,White,Professional degree,Congressional Aide,Law,,,,Did not serve,,
Franken,Al,,,,05/21/1951,,M,U.S. Senator,Democrat,MN,,07/07/2009,01/02/2018,Jewish,White,Bachelor's degree,Acting/entertainer,,,,,Did not serve,,
Franks,Trent,,,,06/19/1957,,M,U.S. Representative,Republican,AZ,2,01/03/2003,01/03/2013,Baptist,Hispanic,High School graduate,Public service/politics,,,,,Did not serve,,
Frelinghuysen,Rodney,P.,,,04/29/1946,,M,U.S. Representative,Republican,NJ,11,01/04/1995,01/03/2019,Episcopalian,White,Bachelor's degree,Public service/politics,,,,,Army,,
Fudge,Marcia,L.,,,10/29/1952,,F,U.S. Representative,Democrat,OH,11,11/18/2008,01/03/2019,Baptist,African American,Professional degree,Public service/politics,,,,,Did not serve,,
Gallegly,Elton,,,,03/07/1944,,M,U.S. Representative,Republican,CA,24,01/03/2003,01/03/2013,Protestant,White,High School graduate,Real Estate,,,,,Did not serve,,
Garamendi,John,,,,01/24/1945,,M,U.S. Representative,Democrat,CA,10,11/05/2009,01/03/2013,Not specified,Hispanic,Master's degree,Public service/politics,,,,,Did not serve,,
Garrett,E.,Scott,,Scott,07/09/1959,,M,U.S. Representative,Republican,NJ,5,01/03/2003,01/03/2017,Protestant,White,Professional degree,Law,,,,,Did not serve,,
Gerlach,James,William,,Jim,02/25/1955,,M,U.S. Representative,Republican,PA,6,01/03/2003,01/03/2015,Not specified,White,Professional degree,Law,,,,,Did not serve,,
Giffords,Gabrielle,,,,06/08/1970,,F,U.S. Representative,Democrat,AZ,8,01/03/2007,01/25/2012,Jewish,White,Master's degree,Business or banking,,,,,Did not serve,,
Gillibrand,Kirsten,,,,12/09/1966,,F,U.S. Representative,Democrat,NY,20,01/03/2007,01/26/2009,Roman Catholic,White,Professional degree,Law,,,,,Did not serve,,
Gillibrand,Kirsten,,,,12/09/1966,,F,U.S. Senator,Democrat,NY,,01/27/2009,01/03/2019,Roman Catholic,White,Professional degree,Law,,,,,Did not serve,,
Gingrey,John,Philip,,Phil,07/10/1942,,M,U.S. Representative,Republican,GA,11,01/03/2003,01/03/2015,Roman Catholic,White,Professional degree,Medicine,,,,,Did not serve,,
Gohmert,Louie,B.,Jr.,,08/18/1953,,M,U.S. Representative,Republican,TX,1,01/03/2005,01/03/2019,Baptist,White,Professional degree,Law,,,,,Army,,
Gonzalez,Charles,A,,Charlie,05/05/1945,,M,U.S. Representative,Democrat,TX,20,01/03/1999,01/03/2013,Roman Catholic,Hispanic,Professional degree,Law,,,,,Did not serve,,
Goodlatte,Robert,W.,,Bob,09/22/1952,,M,U.S. Representative,Republican,VA,6,01/05/1993,01/03/2019,Christian Scientist,White,Professional degree,Congressional Aide,Law,,,,Did not serve,,
Goodwin,Carte,,,,02/27/1974,,M,U.S. Senator,Democrat,WV,,07/20/2010,11/02/2010,United Methodist,White,Professional degree,Law,,,,,Did not serve,,
Gordon,Barton,Jennings,,Bart,01/24/1949,,M,U.S. Representative,Democrat,TN,6,01/03/1985,01/03/2011,Methodist,White,Professional degree,Law,,,,,Did not serve,,
Graham,Lindsey,O.,,,07/09/1955,,M,U.S. Senator,Republican,SC,,01/03/2003,01/03/2021,Southern Baptist,White,Professional degree,Law,,,,,Air Force,Air Force Reserve,SC Air National Guard
Granger,Kay,,,,01/18/1943,,F,U.S. Representative,Republican,TX,12,01/07/1997,01/03/2019,Methodist,White,Bachelor's degree,Business or banking,Public service/politics,,,,Did not serve,,
Grassley,Charles,Ernest,,,09/17/1933,,M,U.S. Senator,Republican,IA,,01/05/1981,01/03/2023,Baptist,White,Master's degree,Agriculture,,,,,Did not serve,,
Graves,Sam,,,,11/07/1963,,M,U.S. Representative,Republican,MO,6,01/03/2001,01/03/2019,Baptist,White,Bachelor's degree,Agriculture,,,,,Did not serve,,
Graves,Tom,,,,02/03/1970,,M,U.S. Representative,Republican,GA,9,06/08/2010,01/03/2013,Baptist,White,Bachelor's degree,Business or banking,,,,,Did not serve,,
Grayson,Alan,,,,03/13/1958,,M,U.S. Representative,Democrat,FL,8,01/06/2009,01/03/2011,Jewish,White,Professional degree,Law,,,,,Did not serve,,
Green,Al,,,,09/01/1947,,M,U.S. Representative,Democrat,TX,9,01/03/2005,01/03/2019,Christian,African American,Professional degree,Law,,,,,Did not serve,,
Green,Gene,,,,10/17/1947,,M,U.S. Representative,Democrat,TX,29,01/05/1993,01/03/2019,Methodist,White,Bachelor's degree,Law,,,,,Did not serve,,
Gregg,Judd,Alan,,,02/14/1947,,M,U.S. Senator,Republican,NH,,01/05/1993,01/03/2011,Congregationalist,White,Professional degree,Law,,,,,Did not serve,,
Griffith,Parker,,,,08/06/1942,,M,U.S. Representative,Democrat,AL,5,01/06/2009,12/21/2009,Episcopalian,White,Professional degree,Real Estate,,,,,Army Reserve,,
Griffith,Parker,,,,08/06/1942,,M,U.S. Representative,Republican,AL,5,12/22/2009,01/03/2011,Episcopalian,White,Professional degree,Real Estate,,,,,Army Reserve,,
Grijalva,Ra√∫l,Manuel,,,02/19/1948,,M,U.S. Representative,Democrat,AZ,7,01/03/2003,01/03/2013,Roman Catholic,Hispanic,Bachelor's degree,Education,,,,,Did not serve,,
Guthrie,Brett,,,,02/18/1964,,M,U.S. Representative,Republican,KY,2,01/06/2009,01/03/2019,Church of Christ,White,Master's degree,Business or banking,,,,,Army,Army Reserve,
Gutierrez,Luis,V.,,,12/10/1953,,M,U.S. Representative,Democrat,IL,4,01/05/1993,01/03/2019,Roman Catholic,Hispanic,Bachelor's degree,Education,Public service/politics,,,,Did not serve,,
Hagan,Kay,,,,05/26/1953,,F,U.S. Senator,Democrat,NC,,01/06/2009,01/03/2015,Presbyterian,White,Professional degree,Business or banking,,,,,Did not serve,,
Hall,John,,,,07/23/1948,,M,U.S. Representative,Democrat,NY,19,01/03/2007,01/03/2011,Christian,White,High School graduate,Misc.,,,,,Did not serve,,
Hall,Ralph,Moody,,,05/03/1923,,M,U.S. Representative,Republican,TX,4,01/02/2004,01/03/2015,Methodist,White,Professional degree,Business or banking,Law,,,,Navy,,
Halvorson,Deborah,L.,,Debbie,03/01/1958,,F,U.S. Representative,Democrat,IL,11,01/06/2009,01/03/2011,Lutheran,White,Master's degree,Business or banking,,,,,Did not serve,,
Hare,Phil,,,,02/21/1949,,M,U.S. Representative,Democrat,IL,17,01/03/2007,01/03/2011,Roman Catholic,White,High School graduate,Congressional Aide,,,,,Army Reserve,,
Harkin,Thomas,Richard,,Tom,11/19/1939,,M,U.S. Senator,Democrat,IA,,01/03/1985,01/03/2015,Roman Catholic,White,Professional degree,Law,,,,,Reserve,,
Harman,Jane,F.,,,06/28/1945,,F,U.S. Representative,Democrat,CA,36,01/03/2001,02/28/2011,Jewish,White,Professional degree,Congressional Aide,Law,Public service/politics,,,Did not serve,,
Harper,Gregg,,,,06/01/1956,,M,U.S. Representative,Republican,MS,3,01/06/2009,01/03/2019,Baptist,White,Professional degree,Law,,,,,Did not serve,,
Hastings,Alcee,L.,,,09/05/1936,,M,U.S. Representative,Democrat,FL,23,01/05/1993,01/03/2013,African Methodist Episcopalian,African American,Professional degree,Law,,,,,Did not serve,,
Hastings,Richard,,,Doc,02/07/1941,,M,U.S. Representative,Republican,WA,4,01/04/1995,01/03/2015,Roman Catholic,White,Unknown,Business or banking,,,,,Army Reserve,,
Hatch,Orrin,Grant,,,03/22/1934,,M,U.S. Senator,Republican,UT,,01/04/1977,01/03/2019,Mormon,White,Professional degree,Law,,,,,Did not serve,,
Heinrich,Martin,,,,10/17/1971,,M,U.S. Representative,Democrat,NM,1,01/06/2009,01/03/2013,Lutheran,White,Bachelor's degree,Public service/politics,,,,,Did not serve,,
Heller,Dean,,,,05/10/1960,,M,U.S. Representative,Republican,NV,2,01/03/2007,05/09/2011,Mormon,White,Bachelor's degree,Business or banking,,,,,Did not serve,,
Hensarling,Jeb,,,,05/29/1957,,M,U.S. Representative,Republican,TX,5,01/03/2003,01/03/2019,Episcopalian,White,Professional degree,Business or banking,,,,,Did not serve,,
Herger,Walter,William,,Wally,05/20/1945,,M,U.S. Representative,Republican,CA,2,01/06/1987,01/03/2013,Mormon,White,Associate degree,Agriculture,Business or banking,,,,Did not serve,,
Herseth-Sandlin,Stephanie,,,,12/03/1970,,F,U.S. Representative,Democrat,SD,AL,06/01/2004,01/03/2011,Lutheran,White,Professional degree,Labor leader,,,,,Did not serve,,
Higgins,Brian,M.,,,10/06/1959,,M,U.S. Representative,Democrat,NY,27,01/03/2005,01/03/2013,Roman Catholic,White,Master's degree,Public service/politics,,,,,Did not serve,,
Hill,Baron,P.,,,06/23/1953,,M,U.S. Representative,Democrat,IN,9,01/03/2007,01/03/2011,Christian,White,Professional degree,Business or banking,,,,,Did not serve,,
Himes,James,A,,Jim,07/05/1966,,M,U.S. Representative,Democrat,CT,4,01/06/2009,01/03/2019,Presbyterian,White,Master's degree,Business or banking,,,,,Did not serve,,
Hinchey,Maurice,D.,,,10/27/1938,11/22/2017,M,U.S. Representative,Democrat,NY,22,01/03/2003,01/03/2013,Roman Catholic,White,Master's degree,Public service/politics,,,,,Navy,,
Hinojosa,Ruben,,,,08/20/1940,,M,U.S. Representative,Democrat,TX,15,01/07/1997,01/03/2017,Roman Catholic,Hispanic,Master's degree,Business or banking,,,,,Did not serve,,
Hirono,Mazie,K.,,,11/03/1947,,F,U.S. Representative,Democrat,HI,2,01/03/2007,01/03/2013,Buddhist,Asian American,Professional degree,Law,,,,,Did not serve,,
Hodes,Paul W.,,,,03/21/1951,,M,U.S. Representative,Democrat,NH,2,01/03/2007,01/03/2011,Jewish,White,Professional degree,Law,,,,,Did not serve,,
Hoekstra,Peter,,,,10/30/1953,,M,U.S. Representative,Republican,MI,2,01/05/1993,01/03/2011,Christian Reformed,White,Master's degree,Business or banking,,,,,Did not serve,,
Holden,Tim,,,,03/05/1957,,M,U.S. Representative,Democrat,PA,17,01/03/2003,01/03/2013,Roman Catholic,White,Bachelor's degree,Law Enforcement,,,,,Did not serve,,
Holt,Rush,D.,,,10/15/1948,,M,U.S. Representative,Democrat,NJ,12,01/03/1999,01/03/2015,Society of Friends,White,Doctorate degree,Education,Engineering,Medicine,,,Did not serve,,
Honda,Mike,,,,06/27/1941,,M,U.S. Representative,Democrat,CA,15,01/03/2001,01/03/2013,Protestant,Asian American,Master's degree,Education,,,,,Did not serve,,
Hoyer,Steny,Hamilton,,,06/14/1939,,M,U.S. Representative,Democrat,MD,5,05/19/1981,01/03/2019,Baptist,White,Professional degree,Law,,,,,Did not serve,,
Hunter,Duncan,Duane,,,12/07/1976,,M,U.S. Representative,Republican,CA,52,01/06/2009,01/03/2013,Protestant,White,Bachelor's degree,Real Estate,,,,,Marine Corps,Marine Corps Reserve,
Hutchison,Kathryn,Ann Bailey,,Kay,07/22/1943,,F,U.S. Senator,Republican,TX,,06/14/1993,01/03/2013,Episcopalian,White,Bachelor's degree,Business or banking,Journalism,,,,Did not serve,,
Inglis,Robert,D.,,,10/11/1959,,M,U.S. Representative,Republican,SC,4,01/03/2005,01/03/2011,Presbyterian,White,Professional degree,Law,,,,,Did not serve,,
Inhofe,James,Mountain,,,11/17/1934,,M,U.S. Senator,Republican,OK,,11/17/1994,01/03/2021,Presbyterian,White,Bachelor's degree,Business or banking,Public service/politics,Real Estate,,,Army,,
Inouye,Daniel,Ken,,,09/07/1924,12/17/2012,M,U.S. Senator,Democrat,HI,AL,01/09/1963,12/17/2012,Methodist,Asian American,Professional degree,Law,,,,,Army,,
Inslee,Jay,,,,02/09/1951,,M,U.S. Representative,Democrat,WA,1,01/03/1999,03/20/2012,Protestant,White,Professional degree,Law,,,,,Did not serve,,
Isakson,Johnny,,,,12/24/1944,,M,U.S. Senator,Republican,GA,,01/03/2005,01/03/2023,Methodist,White,Bachelor's degree,Real Estate,,,,,Did not serve,,
Israel,Steven,,,,06/30/1958,,M,U.S. Representative,Democrat,NY,2,01/03/2001,01/03/2013,Jewish,White,Bachelor's degree,Business or banking,,,,,Did not serve,,
Issa,Darrell,,,,11/01/1953,,M,U.S. Representative,Republican,CA,49,01/03/2003,01/03/2019,Greek Orthodox,White,Bachelor's degree,Business or banking,,,,,Did not serve,,
Jackson,Jesse,L.,Jr.,,03/11/1965,,M,U.S. Representative,Democrat,IL,2,12/12/1995,11/21/2012,Baptist,African American,Professional degree,Law,,,,,Did not serve,,
Jackson-Lee,Sheila,,,,01/12/1950,,F,U.S. Representative,Democrat,TX,18,01/04/1995,01/03/2019,Seventh-Day Adventist,African American,Professional degree,Congressional Aide,Law,Public service/politics,,,Did not serve,,
Jenkins,Lynn,,,,06/10/1963,,F,U.S. Representative,Republican,KS,2,01/06/2009,01/03/2019,United Methodist,White,Bachelor's degree,Business or banking,,,,,Did not serve,,
Johanns,Mike,,,,06/18/1950,,M,U.S. Senator,Republican,NE,,01/06/2009,01/03/2015,Roman Catholic,White,Professional degree,Law,,,,,Did not serve,,
Johnson,Eddie,Bernice,,,12/03/1935,,F,U.S. Representative,Democrat,TX,30,01/05/1993,01/03/2019,Baptist,African American,Master's degree,Business or banking,Misc.,,,,Did not serve,,
Johnson,Henry,,Jr.,Hank,10/02/1954,,M,U.S. Representative,Democrat,GA,4,01/03/2007,01/03/2019,Buddhist,African American,Professional degree,Law,,,,,Did not serve,,
Johnson,Sam,,,,10/11/1930,,M,U.S. Representative,Republican,TX,3,05/22/1991,01/03/2019,Methodist,White,Bachelor's degree,Construction/building trades,Military,,,,Air Force,,
Johnson,Tim,P.,,Tim,12/28/1946,,M,U.S. Senator,Democrat,SD,,01/07/1997,01/03/2015,Lutheran,White,Professional degree,Law,,,,,Army,,
Johnson,Timothy,V.,,,07/23/1946,,M,U.S. Representative,Republican,IL,15,01/03/2001,01/03/2013,Assembly of God,White,Professional degree,Law,,,,,Did not serve,,
Jones,Walter,Beaman,Jr.,,02/10/1943,,M,U.S. Representative,Republican,NC,3,01/04/1995,01/03/2019,Roman Catholic,White,Bachelor's degree,Business or banking,,,,,National Guard-North Carolina,,
Jordan,Jim,,,,02/17/1964,,M,U.S. Representative,Republican,OH,4,01/03/2007,01/03/2019,Christian,White,Professional degree,Sports,,,,,Did not serve,,
Kagen,Steven,L.,,,12/12/1949,,M,U.S. Representative,Democrat,WI,8,01/03/2007,01/03/2011,Jewish,White,Professional degree,Medicine,,,,,Did not serve,,
Kanjorski,Paul,Edmund,,,04/02/1937,,M,U.S. Representative,Democrat,PA,11,01/03/1985,01/03/2011,Roman Catholic,White,Professional degree,Law,,,,,Army,,
Kaptur,Marcia,Carolyn,,Marcy,06/17/1946,,F,U.S. Representative,Democrat,OH,9,01/03/1983,01/03/2019,Roman Catholic,White,Master's degree,Public service/politics,,,,,Did not serve,,
Kaufman,Edward,,,Ted,03/15/1939,,M,U.S. Senator,Democrat,DE,,01/20/2009,01/03/2011,Roman Catholic,White,Master's degree,Congressional Aide,,,,,Did not serve,,
Kennedy,Edward,Moore,,Ted,02/22/1932,08/25/2009,M,U.S. Senator,Democrat,MA,,01/09/1963,08/25/2009,Roman Catholic,White,Professional degree,Law,,,,,Army,,
Kerry,John,F.,,,12/22/1943,,M,U.S. Senator,Democrat,MA,,01/03/1985,02/01/2013,Roman Catholic,White,Professional degree,Law,,,,,Navy,,
Kildee,Dale,E.,,,09/16/1929,,M,U.S. Representative,Democrat,MI,5,01/03/2003,01/03/2013,Roman Catholic,White,Master's degree,Education,,,,,Did not serve,,
Kilpatrick,Carolyn,Cheeks,,,06/25/1945,,F,U.S. Representative,Democrat,MI,13,01/03/2003,01/03/2011,Baptist,African American,Professional degree,Education,Public service/politics,,,,Did not serve,,
Kilroy,Mary Jo,,,,04/30/1949,,F,U.S. Representative,Democrat,OH,15,01/06/2009,01/03/2011,Roman Catholic,White,Professional degree,Law,,,,,Did not serve,,
Kind,Ron,,,,03/16/1963,,M,U.S. Representative,Democrat,WI,3,01/07/1997,01/03/2019,Lutheran,White,Professional degree,Law,,,,,Did not serve,,
King,Peter,Thomas,,,04/05/1944,,M,U.S. Representative,Republican,NY,3,01/05/1993,01/02/2012,Roman Catholic,White,Professional degree,Law,,,,,National Guard,,
King,Steve,,,,05/28/1949,,M,U.S. Representative,Republican,IA,5,01/03/2003,01/03/2013,Roman Catholic,White,High School graduate,Business or banking,,,,,Did not serve,,
Kingston,Jack,,,,04/24/1955,,M,U.S. Representative,Republican,GA,1,01/05/1993,01/03/2015,Episcopalian,White,Bachelor's degree,Business or banking,,,,,Did not serve,,
Kirk,Mark,Steven,,,09/15/1959,,M,U.S. Representative,Republican,IL,10,01/03/2001,11/29/2010,Congregationalist,White,Professional degree,Law,,,,,Did not serve,,
Kirk,Mark,Steven,,,09/15/1959,,M,U.S. Senator,Republican,IL,,11/29/2010,01/03/2017,Congregationalist,White,Professional degree,Law,,,,,Did not serve,,
Kirk,Paul.,G.,Jr.,,01/18/1938,,M,U.S. Senator,Democrat,MA,,09/24/2009,02/04/2010,Roman Catholic,White,Professional degree,Law,,,,,Army,,
Kirkpatrick,Ann,,,,03/24/1950,,F,U.S. Representative,Democrat,AZ,1,01/06/2009,01/03/2011,Roman Catholic,White,Professional degree,Law,,,,,Did not serve,,
Kissell,Larry,,,,01/31/1951,,M,U.S. Representative,Democrat,NC,8,01/06/2009,01/03/2013,Baptist,White,Bachelor's degree,Education,,,,,Did not serve,,
Klein,Ron,,,,07/10/1957,,M,U.S. Representative,Democrat,FL,22,01/03/2007,01/03/2011,Jewish,White,Professional degree,Law,,,,,Did not serve,,
Kline,John,,,,09/06/1947,,M,U.S. Representative,Republican,MN,2,01/03/2003,01/03/2017,Methodist,White,Master's degree,Military,,,,,Marine Corps,,
Klobuchar,Amy,,,,05/25/1960,,F,U.S. Senator,Democrat,MN,,01/03/2007,01/03/2019,Congregationalist,White,Professional degree,Law,,,,,Did not serve,,
Kohl,Herbert,H.,,Herb,02/07/1935,,M,U.S. Senator,Democrat,WI,,01/03/1989,01/03/2013,Jewish,White,Master's degree,Business or banking,,,,,Army Reserve,,
Kosmas,Suzanne,,,,02/25/1944,,F,U.S. Representative,Democrat,FL,24,01/06/2009,01/03/2011,United Methodist,White,Bachelor's degree,Real Estate,,,,,Did not serve,,
Kratovil,Frank,M.,Jr.,,05/29/1968,,M,U.S. Representative,Democrat,MD,1,01/06/2009,01/03/2011,Episcopalian,White,Professional degree,Public service/politics,,,,,Did not serve,,
Kucinich,Dennis,J.,,,10/08/1946,,M,U.S. Representative,Democrat,OH,10,01/07/1997,01/03/2013,Roman Catholic,White,Master's degree,Business or banking,Public service/politics,,,,Did not serve,,
Kyl,Jon,Llewellyn,,,04/25/1942,,M,U.S. Senator,Republican,AZ,,01/04/1995,01/03/2013,Presbyterian,White,Professional degree,Law,,,,,Did not serve,,
Lamborn,Doug,,,,05/24/1954,,M,U.S. Representative,Republican,CO,5,01/03/2007,01/03/2019,Christian,White,Professional degree,Law,,,,,Did not serve,,
Lance,Leonard,,,,06/25/1952,,M,U.S. Representative,Republican,NJ,7,01/06/2009,01/03/2019,Roman Catholic,White,Master's degree,Law,,,,,Did not serve,,
Landrieu,Mary,,,,11/23/1955,,F,U.S. Senator,Democrat,LA,,01/07/1997,01/03/2015,Roman Catholic,White,Bachelor's degree,Public service/politics,Real Estate,,,,Did not serve,,
Langevin,James,,,Jim,04/22/1964,,M,U.S. Representative,Democrat,RI,2,01/03/2001,01/03/2019,Roman Catholic,White,Master's degree,Public service/politics,,,,,Did not serve,,
Larsen,Rick,,,,06/15/1965,,M,U.S. Representative,Democrat,WA,2,01/03/2001,01/03/2019,Methodist,White,Master's degree,Business or banking,,,,,Did not serve,,
Larson,John,B.,,,07/22/1948,,M,U.S. Representative,Democrat,CT,1,01/03/1999,01/03/2019,Roman Catholic,White,Bachelor's degree,Business or banking,,,,,Did not serve,,
Latham,Tom,,,,07/14/1948,,M,U.S. Representative,Republican,IA,4,01/03/2003,01/03/2013,Lutheran,White,Unknown,Agriculture,Business or banking,,,,Did not serve,,
LaTourette,Steven,C.,,,07/22/1954,08/03/2016,M,U.S. Representative,Republican,OH,14,01/03/2003,01/03/2013,Methodist,White,Professional degree,Law,,,,,Did not serve,,
Latta,Robert,E.,,Bob,04/18/1956,,M,U.S. Representative,Republican,OH,5,12/13/2007,01/03/2019,Roman Catholic,White,Professional degree,Law,,,,,Did not serve,,
Lautenberg,Frank,R.,,,01/23/1924,06/03/2013,M,U.S. Senator,Democrat,NJ,,01/03/2003,06/03/2013,Jewish,White,Bachelor's degree,Business or banking,,,,,Army,,
Leahy,Patrick,Joseph,,,03/31/1940,,M,U.S. Senator,Democrat,VT,,01/14/1975,01/03/2023,Roman Catholic,White,Professional degree,Law,,,,,Did not serve,,
Lee,Barbara,,,,07/16/1946,,F,U.S. Representative,Democrat,CA,9,04/07/1998,01/03/2013,Baptist,African American,Master's degree,Congressional Aide,Public service/politics,,,,Did not serve,,
Lee,Christopher,J.,,Chris,04/01/1964,,M,U.S. Representative,Republican,NY,26,01/06/2009,02/09/2011,Protestant,White,Master's degree,Computers/technology,,,,,Did not serve,,
LeMieux,George,,,,05/21/1969,,M,U.S. Senator,Republican,FL,,09/10/2009,01/03/2011,Roman Catholic,White,Professional degree,Law,,,,,Did not serve,,
Levin,Carl,,,,06/28/1934,,M,U.S. Senator,Democrat,MI,,01/15/1979,01/03/2015,Jewish,White,Professional degree,Law,,,,,Did not serve,,
Levin,Sander,Martin,,,09/06/1931,,M,U.S. Representative,Democrat,MI,12,01/05/1993,01/03/2013,Jewish,White,Professional degree,Law,,,,,Did not serve,,
Lewis,Jerry,,,,10/21/1934,,M,U.S. Representative,Republican,CA,41,01/03/2003,01/03/2013,Presbyterian,White,Bachelor's degree,Business or banking,,,,,Did not serve,,
Lewis,John,,,,02/21/1940,,M,U.S. Representative,Democrat,GA,5,01/06/1987,01/03/2019,Baptist,African American,Bachelor's degree,Public service/politics,,,,,Did not serve,,
Lieberman,Joseph,I.,,,02/24/1942,,M,U.S. Senator,Independent,CT,,01/05/2007,01/03/2013,Jewish,White,Professional degree,Law,,,,,Did not serve,,
Lincoln,Blanche,Lambert,,,09/30/1960,,F,U.S. Senator,Democrat,AR,,01/03/1999,01/03/2011,Episcopalian,White,Bachelor's degree,Congressional Aide,Public service/politics,,,,Did not serve,,
Linder,John,,,,09/09/1942,,M,U.S. Representative,Republican,GA,7,01/03/2003,01/03/2011,Presbyterian,White,Professional degree,Business or banking,Medicine,,,,Air Force,,
Lipinski,Daniel,William,,,07/15/1966,,M,U.S. Representative,Democrat,IL,3,01/03/2005,01/03/2019,Roman Catholic,White,Doctorate degree,Congressional Aide,Education,,,,Did not serve,,
LoBiondo,Frank,A.,,,05/12/1946,,M,U.S. Representative,Republican,NJ,2,01/04/1995,01/03/2019,Roman Catholic,White,Bachelor's degree,Business or banking,,,,,Did not serve,,
Loebsack,David,,,Dave,12/23/1952,,M,U.S. Representative,Democrat,IA,2,01/03/2007,01/03/2019,Methodist,White,Doctorate degree,Education,,,,,Did not serve,,
Lofgren,Zoe,,,,12/21/1947,,F,U.S. Representative,Democrat,CA,16,01/04/1995,01/03/2013,Protestant,White,Professional degree,Education,Law,Public service/politics,,,Did not serve,,
Lowey,Nita,M.,,,07/05/1937,,F,U.S. Representative,Democrat,NY,18,01/05/1993,01/03/2013,Jewish,White,Bachelor's degree,Public service/politics,,,,,Did not serve,,
Lucas,Frank,Dean,,,01/06/1960,,M,U.S. Representative,Republican,OK,3,01/03/2003,01/03/2019,Baptist,White,Bachelor's degree,Agriculture,,,,,Did not serve,,
Luetkemeyer,Blaine,,,,05/07/1952,,M,U.S. Representative,Republican,MO,9,01/06/2009,01/03/2013,Roman Catholic,White,Bachelor's degree,Business or banking,,,,,Did not serve,,
Lugar,Richard,Green,,,04/04/1932,,M,U.S. Senator,Republican,IN,,01/04/1977,01/03/2013,Methodist,White,Master's degree,Agriculture,,,,,Navy,,
Lujan,Ben,R.,,,06/07/1972,,M,U.S. Representative,Democrat,NM,3,01/06/2009,01/03/2019,Roman Catholic,Hispanic,Bachelor's degree,Public service/politics,,,,,Did not serve,,
Lummis,Cynthia,,,,09/10/1954,,F,U.S. Representative,Republican,WY,AL,01/06/2009,01/03/2017,Lutheran,White,Professional degree,Law,,,,,Did not serve,,
Lungren,Daniel,E.,,,09/22/1946,,M,U.S. Representative,Republican,CA,3,01/03/2005,01/03/2013,Roman Catholic,White,Professional degree,Law,,,,,Did not serve,,
Lynch,Stephen,F.,,,03/31/1955,,M,U.S. Representative,Democrat,MA,9,10/16/2001,01/03/2013,Roman Catholic,White,Master's degree,Law,Misc.,,,,Did not serve,,
Mack,Connie,,IV,,08/12/1967,,M,U.S. Representative,Republican,FL,14,01/03/2005,01/03/2013,Roman Catholic,White,Bachelor's degree,Business or banking,,,,,Did not serve,,
Maffei,Dan,,,,07/04/1968,,M,U.S. Representative,Democrat,NY,25,01/06/2009,01/03/2011,Roman Catholic,White,Master's degree,Congressional Aide,,,,,Did not serve,,
Maloney,Carolyn,B.,,,02/19/1948,,F,U.S. Representative,Democrat,NY,14,01/05/1993,01/03/2013,Presbyterian,White,Bachelor's degree,Education,Public service/politics,,,,Did not serve,,
Manchin,Joe,,,,08/24/1947,,M,U.S. Senator,Democrat,WV,,11/15/2010,01/03/2013,Roman Catholic,White,Bachelor's degree,Misc.,,,,,Did not serve,,
Manzullo,Donald,,,,03/24/1944,,M,U.S. Representative,Republican,IL,16,01/05/1993,01/03/2013,Baptist,White,Professional degree,Law,,,,,Did not serve,,
Marchant,Kenny,Ewell,,,02/23/1951,,M,U.S. Representative,Republican,TX,24,01/03/2005,01/03/2019,Nazarene,White,Bachelor's degree,Real Estate,,,,,Did not serve,,
Markey,Betsy,,,,04/27/1956,,F,U.S. Representative,Democrat,CO,4,01/06/2009,01/03/2011,Roman Catholic,White,Master's degree,Computers/technology,,,,,Did not serve,,
Markey,Edward,J.,,,07/11/1946,,M,U.S. Representative,Democrat,MA,7,01/04/1977,01/03/2013,Roman Catholic,White,Professional degree,Law,,,,,Army Reserve,,
Marshall,Jim,,,,03/31/1948,,M,U.S. Representative,Democrat,GA,8,01/03/2007,01/03/2011,Roman Catholic,White,Professional degree,Education,Law,,,,U.S. Army,,
Martinez,Mel,,,,10/23/1946,,M,U.S. Senator,Republican,FL,,01/03/2005,01/03/2011,Roman Catholic,Hispanic,Professional degree,Law,,,,,Did not serve,,
Massa,Eric,,,,09/16/1959,,M,U.S. Representative,Democrat,NY,29,01/06/2009,03/08/2010,Roman Catholic,White,Bachelor's degree,Military,,,,,Navy,,
Matheson,Jim,,,,03/21/1960,,M,U.S. Representative,Democrat,UT,2,01/03/2001,01/03/2013,Mormon,White,Master's degree,Business or banking,,,,,Did not serve,,
Matsui,Doris,,,,09/25/1944,,F,U.S. Representative,Democrat,CA,5,03/08/2005,01/03/2013,Methodist,Asian American,Bachelor's degree,Public service/politics,,,,,Did not serve,,
McCain,John,Sidney,III,,08/29/1936,08/25/2018,M,U.S. Senator,Republican,AZ,,01/06/1987,08/25/2018,Episcopalian,White,Bachelor's degree,Business or banking,Military,,,,Navy,,
McCarthy,Carolyn,,,,01/05/1944,,F,U.S. Representative,Democrat,NY,4,01/07/1997,01/03/2015,Roman Catholic,White,High School graduate,Medicine,,,,,Did not serve,,
McCarthy,Kevin,,,,01/26/1965,,M,U.S. Representative,Republican,CA,22,01/03/2007,01/03/2013,Baptist,White,Master's degree,Congressional Aide,,,,,Did not serve,,
McCaskill,Claire,,,,07/24/1953,,F,U.S. Senator,Democrat,MO,,01/03/2007,01/03/2019,Roman Catholic,White,Professional degree,Law,,,,,Did not serve,,
McCaul,Michael,,,,01/14/1962,,M,U.S. Representative,Republican,TX,10,01/03/2005,01/03/2019,Roman Catholic,White,Professional degree,Law,Public service/politics,,,,Did not serve,,
McClintock,Tom,,,,07/10/1956,,M,U.S. Representative,Republican,CA,4,01/06/2009,01/03/2019,Baptist,White,Bachelor's degree,Public service/politics,,,,,Did not serve,,
McCollum,Betty,,,,07/12/1954,,F,U.S. Representative,Democrat,MN,4,01/03/2001,01/03/2019,Roman Catholic,White,Bachelor's degree,Public service/politics,,,,,Did not serve,,
McConnell,Addison,Mitchell,,Mitch,02/20/1942,,M,U.S. Senator,Republican,KY,,01/03/1985,01/03/2021,Baptist,White,Professional degree,Congressional Aide,Law,,,,Did not serve,,
McCotter,Thaddeus,George,,Thad,08/22/1965,,M,U.S. Representative,Republican,MI,11,01/03/2003,07/06/2012,Not specified,White,Professional degree,Law,,,,,Did not serve,,
McDermott,Jim,,,,12/28/1936,,M,U.S. Representative,Democrat,WA,7,01/03/1989,01/03/2017,Episcopalian,White,Professional degree,Medicine,,,,,Navy Medical Corps,,
McGovern,James,P.,,Jim,11/20/1959,,M,U.S. Representative,Democrat,MA,3,01/07/1997,01/03/2013,Roman Catholic,White,Master's degree,Congressional Aide,,,,,Did not serve,,
McHenry,Patrick,,,,10/22/1975,,M,U.S. Representative,Republican,NC,10,01/03/2005,01/03/2019,Roman Catholic,White,Bachelor's degree,Law Enforcement,Real Estate,,,,Did not serve,,
McHugh,John,M.,,,09/29/1948,,M,U.S. Representative,Republican,NY,23,01/03/2003,01/03/2011,Roman Catholic,White,Master's degree,Business or banking,Public service/politics,,,,Did not serve,,
McIntyre,Mike,,,,08/06/1956,,M,U.S. Representative,Democrat,NC,7,01/07/1997,01/03/2015,Presbyterian,White,Professional degree,Law,,,,,Did not serve,,
McKeon,Howard,P.,,Buck,09/09/1938,,M,U.S. Representative,Republican,CA,25,01/05/1993,01/02/2015,Mormon,White,Bachelor's degree,Business or banking,,,,,Did not serve,,
McMahon,Michael,E.,,,09/12/1957,,M,U.S. Representative,Democrat,NY,13,01/06/2009,01/03/2011,Roman Catholic,White,Professional degree,Law,,,,,Did not serve,,
McMorris Rodgers,Cathy,,,,05/22/1969,,F,U.S. Representative,Republican,WA,5,01/03/2005,01/03/2019,Christian,White,Master's degree,Agriculture,Public service/politics,,,,Did not serve,,
McNerney,Jerry,,,,06/18/1951,,M,U.S. Representative,Democrat,CA,11,01/03/2007,01/03/2013,Roman Catholic,White,Doctorate degree,Engineering,,,,,Did not serve,,
Meek,Kendrick,B.,,,09/06/1966,,M,U.S. Representative,Democrat,FL,17,01/03/2003,01/03/2011,Not specified,African American,Bachelor's degree,Law Enforcement,,,,,Did not serve,,
Meeks,Gregory,,,,09/25/1953,,M,U.S. Representative,Democrat,NY,6,02/03/1998,01/03/2013,Baptist,African American,Professional degree,Law,Public service/politics,,,,Did not serve,,
Melancon,Charles,J.,,,10/03/1947,,M,U.S. Representative,Democrat,LA,3,01/03/2005,01/03/2011,Roman Catholic,White,Bachelor's degree,Business or banking,,,,,Did not serve,,
Menendez,Robert,,,,01/01/1954,,M,U.S. Senator,Democrat,NJ,,01/08/2006,01/03/2019,Roman Catholic,Hispanic,Professional degree,Law,,,,,Did not serve,,
Merkley,Jeff,,,,10/24/1956,,M,U.S. Senator,Democrat,OR,,01/06/2009,01/03/2021,Lutheran,White,Master's degree,Public service/politics,,,,,Did not serve,,
Mica,John,L.,,,01/27/1943,,M,U.S. Representative,Republican,FL,7,01/05/1993,01/03/2017,Episcopalian,White,Bachelor's degree,Public service/politics,,,,,Did not serve,,
Michaud,Michael,Herman,,,01/15/1955,,M,U.S. Representative,Democrat,ME,2,01/03/2003,01/03/2015,Roman Catholic,White,High School graduate,Business or banking,,,,,Did not serve,,
Mikulski,Barbara,A.,,,07/20/1936,,F,U.S. Senator,Democrat,MD,,01/06/1987,01/03/2017,Roman Catholic,White,Master's degree,Public service/politics,,,,,Did not serve,,
Miller,Candice,S.,,,05/07/1954,,F,U.S. Representative,Republican,MI,10,01/03/2003,01/03/2017,Presbyterian,White,Unknown,Public service/politics,,,,,Did not serve,,
Miller,Gary,G.,,,10/16/1948,,M,U.S. Representative,Republican,CA,42,01/03/2003,01/03/2013,Protestant,White,High School graduate,,,,,,Did not serve,,
Miller,George,,,,05/17/1945,,M,U.S. Representative,Democrat,CA,7,01/14/1975,01/03/2013,Roman Catholic,White,Professional degree,Law,Public service/politics,,,,Did not serve,,
Miller,Jefferson,B.,,Jeff,06/27/1959,,M,U.S. Representative,Republican,FL,1,10/16/2001,01/03/2017,Methodist,White,Bachelor's degree,,,,,,Did not serve,,
Miller,Ralph,Bradley,,Brad,05/19/1953,,M,U.S. Representative,Democrat,NC,13,01/03/2003,01/03/2013,Not specified,White,Professional degree,Law,,,,,Did not serve,,
Minnick,Walt,,,,09/20/1942,,M,U.S. Representative,Democrat,ID,1,01/06/2009,01/03/2011,Unitarian Universalist,White,Professional degree,Law,,,,,Army,,
Mitchell,Harry,E.,,,07/18/1940,,M,U.S. Representative,Democrat,AZ,5,01/03/2007,01/03/2011,Roman Catholic,White,Master's degree,Education,,,,,Did not serve,,
Mollohan,Alan,B.,,,05/14/1943,,M,U.S. Representative,Democrat,WV,1,01/03/1983,01/03/2011,Baptist,White,Professional degree,Law,,,,,Army Reserve,,
Moore,Dennis,,,,11/08/1945,,M,U.S. Representative,Democrat,KS,3,01/03/1999,01/03/2011,Protestant,White,Professional degree,Law,,,,,U.S. Army Reserve,,
Moore,Gwendolynne,,,Gwen,04/18/1951,,F,U.S. Representative,Democrat,WI,4,01/03/2005,01/03/2019,Baptist,African American,Bachelor's degree,Public service/politics,,,,,Did not serve,,
Moran,James,P.,Jr.,Jim,05/16/1945,,M,U.S. Representative,Democrat,VA,8,01/03/1991,01/03/2015,Roman Catholic,White,Master's degree,Business or banking,Public service/politics,,,,Did not serve,,
Moran,Jerry,,,,05/29/1954,,M,U.S. Representative,Republican,KS,1,01/07/1997,01/03/2011,Methodist,White,Professional degree,Law,Public service/politics,,,,Did not serve,,
Murkowski,Lisa,,,,05/22/1957,,F,U.S. Senator,Republican,AK,,12/20/2002,01/03/2023,Roman Catholic,White,Professional degree,Law,,,,,Did not serve,,
Murphy,Christopher,S.,,,08/03/1973,,M,U.S. Representative,Democrat,CT,5,01/03/2007,01/03/2013,Protestant,White,Professional degree,Law,,,,,Did not serve,,
Murphy,Patrick,J.,,,10/19/1973,,M,U.S. Representative,Democrat,PA,8,01/03/2007,01/03/2011,Roman Catholic,White,Professional degree,Law,,,,,Army,Army Reserve,
Murphy,Scott,,,,01/26/1970,,M,U.S. Representative,Democrat,NY,20,04/29/2009,01/03/2011,Roman Catholic,White,Professional degree,Business or banking,Computers/technology,Misc.,,,Did not serve,,
Murphy,Timothy,,,Tim,09/12/1952,,M,U.S. Representative,Republican,PA,18,01/03/2003,10/21/2017,Roman Catholic,White,Doctorate degree,Medicine,,,,,Did not serve,,
Murray,Patty,,,,10/11/1950,,F,U.S. Senator,Democrat,WA,,01/05/1993,01/03/2023,Roman Catholic,White,Bachelor's degree,Education,,,,,Did not serve,,
Murtha,John,Patrick,Jr.,,06/17/1932,02/08/2010,M,U.S. Representative,Democrat,PA,12,02/05/1974,02/08/2010,Roman Catholic,White,Bachelor's degree,Business or banking,,,,,Marine Corps,,
Myrick,Sue,,,,08/01/1941,,F,U.S. Representative,Republican,NC,9,01/04/1995,01/03/2013,Evangelical,White,High School graduate,Business or banking,,,,,Did not serve,,
Nadler,Jerrold,,,,06/13/1947,,M,U.S. Representative,Democrat,NY,8,01/05/1993,01/03/2013,Jewish,White,Professional degree,Law,Public service/politics,,,,Did not serve,,
Napolitano,Grace,F.,,,12/04/1936,,F,U.S. Representative,Democrat,CA,38,01/03/2003,01/03/2013,Roman Catholic,Hispanic,High School graduate,Business or banking,,,,,Did not serve,,
Neal,Richard,E.,,,02/14/1949,,M,U.S. Representative,Democrat,MA,2,01/03/1989,01/03/2013,Roman Catholic,White,Master's degree,Education,Public service/politics,,,,Did not serve,,
Nelson,Clarence,William,,Bill,09/29/1942,,M,U.S. Senator,Democrat,FL,,01/03/2001,01/03/2019,Episcopalian,White,Professional degree,Law,,,,,Army Reserve,,
Nelson,Earl,Benjamin,,Ben,05/17/1941,,M,U.S. Senator,Democrat,NE,,01/03/2001,01/03/2013,Methodist,White,Professional degree,Law,,,,,Did not serve,,
Nunes,Devin,G.,,,10/01/1973,,M,U.S. Representative,Republican,CA,21,01/03/2003,01/03/2013,Roman Catholic,Hispanic,Master's degree,Business or banking,,,,,Did not serve,,
Nye,Glenn,,,,09/09/1974,,M,U.S. Representative,Democrat,VA,2,01/06/2009,01/03/2011,Presbyterian,White,Bachelor's degree,Public service/politics,,,,,Did not serve,,
Obama,Barack,,,,10/04/1961,,M,U.S. President,Democrat,,,01/20/2009,01/20/2017,United Church of Christ,African American,Professional degree,Law,,,,,Did not serve,,
Oberstar,James,Louis,,,09/10/1934,,M,U.S. Representative,Democrat,MN,8,01/14/1975,01/03/2011,Roman Catholic,White,Master's degree,Congressional Aide,Education,,,,Did not serve,,
Obey,David,Ross,,,10/03/1938,,M,U.S. Representative,Democrat,WI,7,04/01/1969,01/03/2011,Roman Catholic,White,Master's degree,Real Estate,,,,,Did not serve,,
Olson,Pete,,,,12/09/1962,,M,U.S. Representative,Republican,TX,22,01/06/2009,01/03/2019,United Methodist,White,Professional degree,Congressional Aide,,,,,Navy,,
Olver,John,W.,,,09/03/1936,,M,U.S. Representative,Democrat,MA,1,06/04/1991,01/03/2013,Not specified,White,Doctorate degree,Education,,,,,Did not serve,,
Ortiz,Solomon,Porfirio,,,06/03/1937,,M,U.S. Representative,Democrat,TX,27,01/03/1983,01/03/2011,Methodist,Hispanic,Unknown,Law Enforcement,,,,,Did not serve,,
Owens,Bill,,,,01/20/1949,,M,U.S. Representative,Democrat,NY,23,11/06/2009,01/03/2011,Roman Catholic,White,Professional degree,Law,,,,,Air Force,Air Force Reserve,
Pallone,Frank,,Jr.,,10/30/1951,,M,U.S. Representative,Democrat,NJ,6,01/05/1993,01/03/2019,Roman Catholic,White,Professional degree,Law,,,,,Did not serve,,
Pascrell,William,J,Jr.,Bill Jr.,01/27/1937,,M,U.S. Representative,Democrat,NJ,8,01/07/1997,01/03/2013,Roman Catholic,White,Master's degree,Education,Public service/politics,,,,Reserve,,
Pastor,Ed,,,,06/28/1943,,M,U.S. Representative,Democrat,AZ,4,01/03/2003,01/03/2013,Roman Catholic,Hispanic,Professional degree,Education,Law,Public service/politics,,,Did not serve,,
Paul,Ronald,Ernest,,Ron,08/20/1935,,M,U.S. Representative,Republican,TX,14,01/03/1997,01/03/2013,Protestant,White,Professional degree,Medicine,,,,,Air National Guard,,
Paulsen,Erik,,,,05/14/1965,,M,U.S. Representative,Republican,MN,3,01/06/2009,01/03/2019,Lutheran,White,Bachelor's degree,Congressional Aide,,,,,Did not serve,,
Payne,Donald,M.,,,07/16/1934,03/06/2012,M,U.S. Representative,Democrat,NJ,10,01/03/1989,03/06/2012,Baptist,African American,Bachelor's degree,Public service/politics,,,,,Did not serve,,
Pelosi,Nancy,,,,03/26/1940,,F,U.S. Representative,Democrat,CA,8,01/05/1993,01/03/2013,Roman Catholic,White,Bachelor's degree,Business or banking,,,,,Did not serve,,
Pence,Mike,,,,06/07/1959,,M,U.S. Representative,Republican,IN,6,01/03/2003,01/03/2013,Christian,White,Professional degree,Acting/entertainer,,,,,Did not serve,,
Perlmutter,Ed,,,,05/01/1953,,M,U.S. Representative,Democrat,CO,7,01/03/2007,01/03/2019,Protestant,White,Professional degree,Law,,,,,Did not serve,,
Perriello,Thomas,S.P.,,Tom,10/09/1974,,M,U.S. Representative,Democrat,VA,5,01/06/2009,01/03/2011,Roman Catholic,White,Master's degree,Public service/politics,,,,,Did not serve,,
Peters,Gary,,,,12/01/1958,,M,U.S. Representative,Democrat,MI,9,01/06/2009,01/03/2013,Episcopalian,White,Master's degree,Education,,,,,Naval Reserve,,
Peterson,Collin,C.,,,06/29/1944,,M,U.S. Representative,Democrat,MN,7,01/03/1991,01/03/2019,Lutheran,White,Bachelor's degree,Business or banking,,,,,Army National Guard,,
Petri,Thomas,E.,,Tom,05/28/1940,,M,U.S. Representative,Republican,WI,6,04/03/1979,01/03/2015,Lutheran,White,Professional degree,Law,Public service/politics,,,,Did not serve,,
Pingree,Chellie,,,,04/02/1955,,F,U.S. Representative,Democrat,ME,1,01/06/2009,01/03/2019,Lutheran,White,Bachelor's degree,Business or banking,,,,,Did not serve,,
Pitts,Joseph,R.,,,10/10/1939,,M,U.S. Representative,Republican,PA,16,01/07/1997,01/03/2017,Protestant,White,Master's degree,Business or banking,Education,,,,Air Force,,
Platts,Todd,,,,03/05/1962,,M,U.S. Representative,Republican,PA,19,01/03/2001,01/03/2013,Episcopalian,White,Professional degree,Law,,,,,Did not serve,,
Poe,Ted,,,,09/10/1948,,M,U.S. Representative,Republican,TX,2,01/03/2005,01/03/2019,United Church of Christ,White,Professional degree,Education,Law Enforcement,,,,Air Force Reserve,,
Polis,Jared,,,,05/12/1975,,M,U.S. Representative,Democrat,CO,2,01/06/2009,01/03/2019,Jewish,White,Bachelor's degree,Computers/technology,,,,,Did not serve,,
Pomeroy,Earl,,,,09/02/1952,,M,U.S. Representative,Democrat,ND,AL,01/05/1993,01/03/2011,Presbyterian,White,Professional degree,Law,,,,,Did not serve,,
Posey,Bill,,,,12/18/1947,,M,U.S. Representative,Republican,FL,15,01/06/2009,01/03/2013,Methodist,White,Associate degree,Real Estate,,,,,Did not serve,,
Price,David,E.,,,08/17/1940,,M,U.S. Representative,Democrat,NC,4,01/03/1997,01/03/2019,Baptist,White,Doctorate degree,Education,Public service/politics,,,,Did not serve,,
Price,Tom,,,,10/08/1954,,M,U.S. Representative,Republican,GA,6,01/03/2005,02/10/2017,Presbyterian,White,Professional degree,Medicine,,,,,Did not serve,,
Pryor,Mark,Lunsford,,,01/10/1963,,M,U.S. Senator,Democrat,AR,,01/03/2003,01/03/2015,Not specified,White,Professional degree,Law,,,,,Did not serve,,
Putnam,Adam,,,,07/31/1974,,M,U.S. Representative,Republican,FL,12,01/03/2001,01/03/2011,Episcopalian,White,Bachelor's degree,Agriculture,,,,,Did not serve,,
Quigley,Mike,,,,10/17/1958,,M,U.S. Representative,Democrat,IL,5,04/21/2009,01/03/2019,Roman Catholic,White,Professional degree,Education,Law,Public service/politics,,,Did not serve,,
Radanovich,George,P.,,,06/20/1955,,M,U.S. Representative,Republican,CA,19,01/04/1995,01/03/2011,Roman Catholic,White,Bachelor's degree,Agriculture,Business or banking,,,,Did not serve,,
Rahall,Nick,J.,,,05/20/1949,,M,U.S. Representative,Democrat,WV,3,01/05/1993,01/03/2015,Presbyterian,White,Bachelor's degree,Business or banking,Misc.,,,,Did not serve,,
Rangel,Charles,Bernard,,,06/11/1930,,M,U.S. Representative,Democrat,NY,15,01/05/1993,01/03/2013,Roman Catholic,African American,Bachelor's degree,Law,,,,,Army,,
Reed,John,F.,,Jack,11/12/1949,,M,U.S. Senator,Democrat,RI,,01/07/1997,01/03/2021,Roman Catholic,White,Professional degree,Education,Law,,,,Army,,
Reed,Tom,W.,II,,11/18/1971,,M,U.S. Representative,Republican,NY,29,11/18/2010,01/03/2013,Roman Catholic,White,Professional degree,Law,Real Estate,,,,Did not serve,,
Rehberg,Dennis,R,,,10/05/1955,,M,U.S. Representative,Republican,MT,AL,01/03/2001,01/03/2013,Episcopalian,White,Bachelor's degree,Real Estate,,,,,Did not serve,,
Reichert,David,,,Dave,08/29/1950,,M,U.S. Representative,Republican,WA,8,01/03/2005,01/03/2019,Lutheran,White,Bachelor's degree,Law Enforcement,,,,,Air Force,Air Force Reserve,
Reid,Harry,M.,,,12/02/1939,,M,U.S. Senator,Democrat,NV,,01/06/1987,01/03/2017,Mormon,White,Professional degree,Law,Public service/politics,,,,Did not serve,,
Reyes,Silvestre,,,,11/10/1944,,M,U.S. Representative,Democrat,TX,16,01/07/1997,01/03/2013,Roman Catholic,Hispanic,Associate degree,Law Enforcement,,,,,Army,,
Richardson,Laura,,,,04/14/1962,,F,U.S. Representative,Democrat,CA,37,09/04/2007,01/03/2013,Christian,African American,Master's degree,Business or banking,Congressional Aide,,,,Did not serve,,
Risch,Jim,,,,05/03/1943,,M,U.S. Senator,Republican,ID,,01/06/2009,01/03/2021,Roman Catholic,White,Professional degree,Law,,,,,Did not serve,,
Roberts,Charles,Patrick,,Pat,04/20/1936,,M,U.S. Senator,Republican,KS,,01/07/1997,01/03/2021,Methodist,White,Bachelor's degree,Congressional Aide,Journalism,,,,Marine Corps,,
Rockefeller,John,D.,,Jay,06/18/1937,,M,U.S. Senator,Democrat,WV,,01/03/1985,01/03/2015,Presbyterian,White,Bachelor's degree,Education,Public service/politics,,,,Did not serve,,
Rodriguez,Ciro,D.,,,12/09/1946,,M,U.S. Representative,Democrat,TX,23,01/03/2007,01/03/2011,Roman Catholic,Hispanic,Master's degree,Education,Public service/politics,,,,Did not serve,,
Roe,David,P.,,Phil,07/21/1945,,M,U.S. Representative,Republican,TN,1,01/06/2009,01/03/2019,United Methodist,White,Professional degree,Medicine,,,,,Army Medical Corps,,
Rogers,Harold,Dallas,,,12/31/1937,,M,U.S. Representative,Republican,KY,5,01/05/1981,01/03/2019,Baptist,White,Professional degree,Law,,,,,National Guard,,
Rogers,Michael,Dennis,,Mike,07/16/1958,,M,U.S. Representative,Republican,AL,3,01/03/2003,01/03/2019,Baptist,White,Professional degree,Law,,,,,Did not serve,,
Rogers,Mike,,,,06/02/1963,,M,U.S. Representative,Republican,MI,8,01/03/2001,01/03/2015,Methodist,White,Bachelor's degree,Business or banking,,,,,Did not serve,,
Rohrabacher,Dana,,,,06/21/1947,,M,U.S. Representative,Republican,CA,46,01/03/2003,01/03/2013,Baptist,White,Master's degree,Journalism,Public service/politics,,,,Did not serve,,
Rooney,Thomas,J.,,,11/21/1970,,M,U.S. Representative,Republican,FL,16,01/06/2009,01/03/2013,Roman Catholic,White,Professional degree,Law,,,,,Army,,
Roskam,Peter,,,,09/13/1961,,M,U.S. Representative,Republican,IL,6,01/03/2007,01/03/2019,Anglican,White,Professional degree,Law,,,,,Did not serve,,
Ros-Lehtinen,Ileana,,,,07/12/1952,,F,U.S. Representative,Republican,FL,18,08/29/1989,01/03/2013,Roman Catholic,Hispanic,Professional degree,Business or banking,Education,Public service/politics,,,Did not serve,,
Ross,Mike,,,,08/02/1961,,M,U.S. Representative,Democrat,AR,4,01/03/2001,01/03/2013,Methodist,White,Bachelor's degree,Medicine,,,,,Did not serve,,
Rothman,Steven,R.,,,10/14/1952,,M,U.S. Representative,Democrat,NJ,9,01/07/1997,01/03/2013,Jewish,White,Professional degree,Law,,,,,Did not serve,,
Roybal-Allard,Lucille,,,,06/12/1941,,F,U.S. Representative,Democrat,CA,34,01/03/2003,01/03/2013,Roman Catholic,Hispanic,Bachelor's degree,Public service/politics,,,,,Did not serve,,
Royce,Edward,R.,,Ed,10/12/1951,,M,U.S. Representative,Republican,CA,40,01/03/2003,01/03/2013,Roman Catholic,White,Bachelor's degree,Business or banking,,,,,Did not serve,,
Ruppersberger,Charles,A.,III,Dutch,01/31/1946,,M,U.S. Representative,Democrat,MD,2,01/03/2003,01/03/2019,Christian,White,Professional degree,Law,,,,,Did not serve,,
Rush,Bobby,L.,,,11/23/1946,,M,U.S. Representative,Democrat,IL,1,01/05/1993,01/03/2019,Protestant,African American,Bachelor's degree,Business or banking,Public service/politics,,,,Army,,
Ryan,Paul,D.,,,01/29/1970,,M,U.S. Representative,Republican,WI,1,01/03/1999,01/03/2019,Roman Catholic,White,Bachelor's degree,Business or banking,Congressional Aide,,,,Did not serve,,
Ryan,Timothy,J.,,Tim,07/16/1973,,M,U.S. Representative,Democrat,OH,17,01/03/2003,01/03/2013,Roman Catholic,White,Professional degree,Congressional Aide,,,,,Did not serve,,
Salazar,John,Tony,,,07/21/1953,,M,U.S. Representative,Democrat,CO,3,01/03/2005,01/03/2011,Roman Catholic,Hispanic,Bachelor's degree,Agriculture,,,,,Army,,
Salazar,Ken,,,,03/02/1955,,M,U.S. Senator,Democrat,CO,,01/03/2005,01/21/2009,Roman Catholic,Hispanic,Professional degree,Law,,,,,Did not serve,,
Sanchez,Linda,T.,,,01/28/1969,,F,U.S. Representative,Democrat,CA,39,01/03/2003,01/03/2013,Roman Catholic,Hispanic,Professional degree,Law,,,,,Did not serve,,
Sanchez,Loretta,,,,01/07/1960,,F,U.S. Representative,Democrat,CA,47,01/03/2001,01/03/2013,Roman Catholic,Hispanic,Master's degree,Business or banking,,,,,Did not serve,,
Sanders,Bernard,,,Bernie,09/08/1941,,M,U.S. Senator,Independent,VT,,01/03/2007,01/03/2019,Jewish,White,Bachelor's degree,Education,Journalism,,,,Did not serve,,
Sarbanes,John,,,,05/22/1962,,M,U.S. Representative,Democrat,MD,3,01/03/2007,01/03/2019,Greek Orthodox,White,Professional degree,Law,,,,,Did not serve,,
Scalise,Steven,Joseph,,,10/06/1965,,M,U.S. Representative,Republican,LA,1,05/03/2008,01/03/2019,Roman Catholic,White,Bachelor's degree,Computers/technology,,,,,Did not serve,,
Schakowsky,Janice,D.,,Jan,05/26/1944,,F,U.S. Representative,Democrat,IL,9,01/03/1999,01/03/2019,Jewish,White,Bachelor's degree,Public service/politics,,,,,Did not serve,,
Schauer,Mark,,,,10/02/1961,,M,U.S. Representative,Democrat,MI,7,01/06/2009,01/03/2011,United Methodist,White,Master's degree,Public service/politics,,,,,Did not serve,,
Schiff,Adam,B.,,,06/22/1960,,M,U.S. Representative,Democrat,CA,29,01/03/2003,01/03/2013,Jewish,White,Professional degree,Law,,,,,Did not serve,,
Schmidt,Jean,,,,11/29/1951,,F,U.S. Representative,Republican,OH,2,09/06/2005,01/03/2013,Roman Catholic,White,Bachelor's degree,Education,,,,,Did not serve,,
Schock,Aaron,,,,05/28/1981,,M,U.S. Representative,Republican,IL,18,01/06/2009,03/31/2015,Baptist,White,Bachelor's degree,Real Estate,,,,,Did not serve,,
Schrader,Kurt,,,,10/19/1951,,M,U.S. Representative,Democrat,OR,5,01/06/2009,01/03/2019,Episcopalian,White,Professional degree,Medicine,,,,,Did not serve,,
Schumer,Charles,Ellis,,,11/23/1950,,M,U.S. Senator,Democrat,NY,,01/03/1999,01/03/2023,Jewish,White,Professional degree,Law,Public service/politics,,,,Did not serve,,
Schwartz,Allyson,,,,10/03/1948,,F,U.S. Representative,Democrat,PA,13,01/03/2005,01/03/2015,Jewish,White,Master's degree,Misc.,,,,,Did not serve,,
Scott,David,Albert,,Dave,06/27/1946,,M,U.S. Representative,Democrat,GA,13,01/03/2003,01/03/2019,Not specified,African American,Master's degree,Business or banking,,,,,Did not serve,,
Scott,Robert,Cortez,,Bobby,04/30/1947,,M,U.S. Representative,Democrat,VA,3,01/05/1993,01/03/2019,Episcopalian,African American,Professional degree,Law,,,,,Army Reserve,National Guard,
Sensenbrenner,F.,James,Jr.,,06/14/1943,,M,U.S. Representative,Republican,WI,5,01/03/2003,01/03/2019,Episcopalian,White,Professional degree,Congressional Aide,Law,,,,Did not serve,,
Serrano,Jose,E.,,,10/24/1943,,M,U.S. Representative,Democrat,NY,16,01/05/1993,01/03/2013,Roman Catholic,Hispanic,High School graduate,Business or banking,Public service/politics,,,,Army Medical Corps,,
Sessions,Jefferson,Beauregard,III,Jeff,12/24/1946,,M,U.S. Senator,Republican,AL,,01/07/1997,02/08/2017,Methodist,White,Professional degree,Law,Public service/politics,,,,Army Reserve,,
Sessions,Pete,,,,03/22/1955,,M,U.S. Representative,Republican,TX,32,01/03/2003,01/03/2019,United Methodist,White,Bachelor's degree,Business or banking,Public service/politics,,,,Did not serve,,
Sestak,Joe,,,,12/12/1951,,M,U.S. Representative,Democrat,PA,7,01/03/2007,01/03/2011,Roman Catholic,White,Doctorate degree,Military,,,,,Navy,,
Shadegg,John,,,,10/22/1949,,M,U.S. Representative,Republican,AZ,3,01/03/2003,01/03/2011,Episcopalian,White,Professional degree,Law,,,,,National Guard,,
Shaheen,Jeanne,,,,01/28/1947,,F,U.S. Senator,Democrat,NH,,01/06/2009,01/03/2021,Protestant,White,Master's degree,Education,,,,,Did not serve,,
Shea-Porter,Carol,,,,12/02/1952,,F,U.S. Representative,Democrat,NH,1,01/03/2007,01/03/2011,Roman Catholic,White,Professional degree,Education,,,,,Did not serve,,
Shelby,Richard,C.,,,05/06/1934,,M,U.S. Senator,Republican,AL,,01/03/1995,01/03/2023,Presbyterian,White,Professional degree,Law,Public service/politics,,,,Did not serve,,
Sherman,Brad,,,,10/24/1954,,M,U.S. Representative,Democrat,CA,27,01/03/2003,01/03/2013,Jewish,White,Professional degree,Business or banking,Law,Public service/politics,,,Did not serve,,
Shimkus,John,M.,,,02/21/1958,,M,U.S. Representative,Republican,IL,19,01/03/2003,01/03/2013,Lutheran,White,Bachelor's degree,Education,Military,Public service/politics,,,Army,Reserve,Reserve
Shuler,Heath,,,,12/31/1971,,M,U.S. Representative,Democrat,NC,11,01/03/2007,01/03/2013,Baptist,White,Bachelor's degree,Business or banking,,,,,Did not serve,,
Shuster,William,,,Bill,01/10/1961,,M,U.S. Representative,Republican,PA,9,05/17/2001,01/03/2019,Lutheran,White,Professional degree,Business or banking,,,,,Did not serve,,
Simpson,Michael,K.,,Mike,09/08/1950,,M,U.S. Representative,Republican,ID,2,01/03/1999,01/03/2019,Mormon,White,Professional degree,Medicine,,,,,Did not serve,,
Sires,Albio,,,,01/26/1951,,M,U.S. Representative,Democrat,NJ,13,11/13/2006,01/03/2013,Roman Catholic,Hispanic,Master's degree,Business or banking,,,,,Did not serve,,
Slaughter,Louise,M.,,,08/14/1929,03/16/2018,F,U.S. Representative,Democrat,NY,28,01/05/1993,01/03/2013,Episcopalian,White,Master's degree,Misc.,Public service/politics,,,,Did not serve,,
Smith,Adam,,,,06/15/1965,,M,U.S. Representative,Democrat,WA,9,01/07/1997,01/03/2019,Christian,White,Professional degree,Law,,,,,Did not serve,,
Smith,Adrian,,,,12/19/1970,,M,U.S. Representative,Republican,NE,3,01/03/2007,01/03/2019,Christian,White,Bachelor's degree,Real Estate,,,,,Did not serve,,
Smith,Christopher,H.,,,03/04/1953,,M,U.S. Representative,Republican,NJ,4,01/05/1981,01/03/2019,Roman Catholic,White,Bachelor's degree,Business or banking,,,,,Did not serve,,
Smith,Lamar,Seeligson,,,11/19/1947,,M,U.S. Representative,Republican,TX,21,01/06/1987,01/03/2019,Christian Scientist,White,Professional degree,Journalism,Law,,,,Did not serve,,
Snowe,Olympia,Jean,,,02/21/1947,,F,U.S. Senator,Republican,ME,,01/04/1995,01/03/2013,Greek Orthodox,White,Bachelor's degree,Business or banking,Public service/politics,,,,Did not serve,,
Snyder,Victor,F.,,Vic,09/27/1947,,M,U.S. Representative,Democrat,AR,2,01/07/1997,01/03/2011,Methodist,White,Professional degree,Law,Medicine,Public service/politics,,,Marine Corps,,
Solis,Hilda,,,,10/20/1957,,F,U.S. Representative,Democrat,CA,32,01/03/2003,02/24/2009,Roman Catholic,Hispanic,Master's degree,Congressional Aide,,,,,Did not serve,,
Souder,Mark,Edward,,,07/18/1950,,M,U.S. Representative,Republican,IN,3,01/03/2003,05/21/2010,Evangelical,White,Bachelor's degree,Business or banking,Congressional Aide,,,,Did not serve,,
Space,Zachary,T.,,Zack,01/27/1961,,M,U.S. Representative,Democrat,OH,18,01/03/2007,01/03/2011,Greek Orthodox,White,Professional degree,Law,,,,,Did not serve,,
Specter,Arlen,,,,02/12/1930,10/14/2012,M,U.S. Senator,Republican,PA,,01/05/1981,04/29/2009,Jewish,White,Professional degree,Education,Law,,,,Air Force,,
Specter,Arlen,,,,02/12/1930,10/14/2012,M,U.S. Senator,Democrat,PA,,04/30/2009,01/03/2011,Jewish,White,Professional degree,Education,Law,,,,Air Force,,
Speier,Karen,Jacqueline,,Jackie,05/14/1950,,F,U.S. Representative,Democrat,CA,12,04/08/2008,01/03/2013,Roman Catholic,White,Professional degree,Law,,,,,Did not serve,,
Spratt,John,M.,Jr.,,11/01/1942,,M,U.S. Representative,Democrat,SC,5,01/03/1983,01/03/2011,Presbyterian,White,Professional degree,Business or banking,Law,,,,Army,,
Stabenow,Deborah,Ann,,Debbie,04/29/1950,,F,U.S. Senator,Democrat,MI,,01/03/2001,01/03/2019,United Methodist,White,Bachelor's degree,Business or banking,,,,,Did not serve,,
Stark,Fortney,Hillman,,Pete,11/11/1931,,M,U.S. Representative,Democrat,CA,13,01/05/1993,01/03/2013,Unitarian,White,Master's degree,Business or banking,,,,,Air Force,,
Stearns,Clifford,B.,,Cliff,04/16/1941,,M,U.S. Representative,Republican,FL,6,01/03/1989,01/03/2013,Presbyterian,White,Bachelor's degree,Business or banking,,,,,Air Force,,
Stupak,Bart,T.,,,02/29/1952,,M,U.S. Representative,Democrat,MI,1,01/05/1993,01/03/2011,Roman Catholic,White,Professional degree,Law,Law Enforcement,,,,Did not serve,,
Stutzman,Marlin,,,,08/31/1976,,M,U.S. Representative,Republican,IN,3,11/16/2010,01/03/2011,Baptist,White,Unknown,Agriculture,Misc.,,,,Did not serve,,
Sullivan,John,,,,01/01/1965,,M,U.S. Representative,Republican,OK,1,02/15/2002,01/03/2013,Roman Catholic,White,Bachelor's degree,Construction/building trades,Misc.,Real Estate,,,Did not serve,,
Sutton,Betty,,,,07/31/1963,,F,U.S. Representative,Democrat,OH,13,01/03/2007,01/03/2013,Methodist,White,Professional degree,Law,,,,,Did not serve,,
Tanner,John,S.,,,09/22/1944,,M,U.S. Representative,Democrat,TN,8,01/03/1989,01/03/2011,Disciples of Christ,White,Professional degree,Business or banking,Law,,,,National Guard,Navy,Navy
Tauscher,Ellen,O.,,,11/15/1951,,F,U.S. Representative,Democrat,CA,10,01/07/1997,06/26/2009,Roman Catholic,White,Bachelor's degree,Business or banking,Public service/politics,,,,Did not serve,,
Taylor,Gary,Eugene,,Gene,09/17/1953,,M,U.S. Representative,Democrat,MS,4,01/03/2003,01/03/2011,Roman Catholic,White,Bachelor's degree,Business or banking,Public service/politics,,,,Coast Guard Reserve,,
Teague,Harry,,,,06/29/1949,,M,U.S. Representative,Democrat,NM,2,01/06/2009,01/03/2011,Baptist,White,High School graduate,Business or banking,,,,,Did not serve,,
Terry,Lee,Raymond,,,01/29/1962,,M,U.S. Representative,Republican,NE,2,01/03/1999,01/03/2015,Methodist,White,Professional degree,Law,,,,,Did not serve,,
Tester,Jon,,,,08/21/1956,,M,U.S. Senator,Democrat,MT,,01/03/2007,01/03/2019,Church of God,White,Bachelor's degree,Agriculture,,,,,Did not serve,,
Thompson,Bennie,G.,,,01/28/1948,,M,U.S. Representative,Democrat,MS,2,04/13/1993,01/03/2019,Methodist,African American,Master's degree,Education,,,,,Did not serve,,
Thompson,Glenn,,,,07/27/1959,,M,U.S. Representative,Republican,PA,5,01/06/2009,01/03/2019,Church of Christ,White,Master's degree,Medicine,,,,,Did not serve,,
Thompson,Michael,,,Mike,01/24/1951,,M,U.S. Representative,Democrat,CA,1,01/03/1999,01/03/2013,Roman Catholic,White,Master's degree,Agriculture,,,,,Did not serve,,
Thornberry,William,M.,,Mac,07/15/1958,,M,U.S. Representative,Republican,TX,13,01/04/1995,01/03/2019,Presbyterian,White,Master's degree,Agriculture,Congressional Aide,Law,,,Did not serve,,
Thune,John,,,,01/07/1961,,M,U.S. Senator,Republican,SD,,01/03/2005,01/03/2023,Protestant,White,Master's degree,Business or banking,Congressional Aide,Public service/politics,,,Did not serve,,
Tiahrt,Todd,,,,06/15/1951,,M,U.S. Representative,Republican,KS,4,01/04/1995,01/03/2011,Assembly of God,White,Master's degree,Aeronautics,Education,,,,Did not serve,,
Tiberi,Patrick,,,Pat,10/21/1962,,M,U.S. Representative,Republican,OH,12,01/03/2001,01/15/2018,Roman Catholic,White,Bachelor's degree,Public service/politics,,,,,Did not serve,,
Tierney,John,F.,,,09/18/1951,,M,U.S. Representative,Democrat,MA,6,01/07/1997,01/03/2015,Not specified,White,Professional degree,Law,Public service/politics,,,,Did not serve,,
Titus,Dina,,,,05/23/1950,,F,U.S. Representative,Democrat,NV,3,01/06/2009,01/03/2011,Greek Orthodox,White,Doctorate degree,Education,,,,,Did not serve,,
Tonko,Paul,,,,06/18/1949,,M,U.S. Representative,Democrat,NY,21,01/06/2009,01/03/2013,Roman Catholic,White,Bachelor's degree,Engineering,,,,,Did not serve,,
Towns,Edolphus,,,,07/21/1934,,M,U.S. Representative,Democrat,NY,10,01/05/1993,01/03/2013,Presbyterian,African American,Master's degree,Education,Medicine,,,,Army,,
Tsongas,Nicola,S.,,Niki,04/26/1946,,F,U.S. Representative,Democrat,MA,5,10/18/2007,01/03/2013,Episcopalian,White,Professional degree,Education,Law,Misc.,,,Did not serve,,
Turner,Michael,R.,,,01/11/1960,,M,U.S. Representative,Republican,OH,3,01/03/2003,01/03/2013,Christian,White,Master's degree,Law,,,,,Did not serve,,
Udall,Mark,,,,07/18/1950,,M,U.S. Senator,Democrat,CO,,01/06/2009,01/03/2015,Not specified,White,Bachelor's degree,Misc.,,,,,Did not serve,,
Udall,Thomas,,,Tom,05/18/1948,,M,U.S. Senator,Democrat,NM,,01/06/2009,01/03/2021,Mormon,White,Professional degree,,,,,,Did not serve,,
Upton,Frederick,S.,,Fred,04/23/1953,,M,U.S. Representative,Republican,MI,6,01/05/1993,01/03/2019,Protestant,White,Master's degree,Congressional Aide,Public service/politics,,,,Did not serve,,
Van Hollen,Christopher,,Jr.,Chris,01/10/1959,,M,U.S. Representative,Democrat,MD,8,01/03/2003,01/03/2017,Not specified,White,Professional degree,Public service/politics,,,,,Did not serve,,
Vel√°zquez,Nydia,M.,,,03/22/1953,,F,U.S. Representative,Democrat,NY,12,01/05/1993,01/03/2013,Roman Catholic,Hispanic,Master's degree,Congressional Aide,Education,,,,Did not serve,,
Visclosky,Peter,John,,,08/13/1949,,M,U.S. Representative,Democrat,IN,1,01/03/1985,01/03/2019,Roman Catholic,White,Professional degree,Congressional Aide,Law,,,,Did not serve,,
Vitter,David,,,,05/03/1961,,M,U.S. Senator,Republican,LA,,01/03/2005,01/03/2017,Roman Catholic,White,Professional degree,Law,,,,,Did not serve,,
Voinovich,George,Victor,,,07/15/1936,06/12/2016,M,U.S. Senator,Republican,OH,,01/03/1999,01/03/2011,Roman Catholic,White,Professional degree,Law,,,,,Did not serve,,
Walden,Greg,,,,01/10/1957,,M,U.S. Representative,Republican,OR,2,01/03/1999,01/03/2019,Episcopalian,White,Bachelor's degree,Business or banking,,,,,Did not serve,,
Walz,Timothy,J.,,Tim,04/06/1964,,M,U.S. Representative,Democrat,MN,1,01/03/2007,01/03/2019,Lutheran,White,Master's degree,Education,,,,,Neb. National Guard,,
Wamp,Zach,,,,10/28/1957,,M,U.S. Representative,Republican,TN,3,01/04/1995,01/03/2011,Baptist,White,Unknown,Real Estate,,,,,Did not serve,,
Warner,Mark,R.,,,12/15/1954,,M,U.S. Senator,Democrat,VA,,01/06/2009,01/03/2021,Presbyterian,White,Professional degree,Computers/technology,,,,,Did not serve,,
Wasserman-Schultz,Debbie,,,,09/27/1966,,F,U.S. Representative,Democrat,FL,20,01/03/2005,01/03/2013,Jewish,White,Master's degree,Education,,,,,Did not serve,,
Waters,Maxine,,,,08/31/1938,,F,U.S. Representative,Democrat,CA,35,01/04/1993,01/03/2013,Christian,African American,Bachelor's degree,Public service/politics,,,,,Did not serve,,
Watson,Diane,Edith,,,11/12/1933,,F,U.S. Representative,Democrat,CA,33,01/03/2003,01/03/2011,Roman Catholic,African American,Doctorate degree,Education,,,,,Did not serve,,
Watt,Melvin,L.,,,08/26/1945,,M,U.S. Representative,Democrat,NC,12,01/05/1993,01/06/2014,Presbyterian,African American,Professional degree,Business or banking,Law,,,,Did not serve,,
Waxman,Henry,Arnold,,,09/12/1939,,M,U.S. Representative,Democrat,CA,30,01/03/2003,01/03/2013,Jewish,White,Professional degree,Law,,,,,Did not serve,,
Webb,Jim,,,,02/09/1946,,M,U.S. Senator,Democrat,VA,,01/03/2007,01/03/2013,Protestant,White,Professional degree,Public service/politics,,,,,Marine Corps,Minn. National Guard,
Weiner,Anthony,D.,,,09/04/1964,,M,U.S. Representative,Democrat,NY,9,01/03/1999,06/21/2011,Jewish,White,Bachelor's degree,Congressional Aide,,,,,Did not serve,,
Welch,Peter,,,,05/02/1947,,M,U.S. Representative,Democrat,VT,AL,01/03/2007,01/03/2019,Roman Catholic,White,Professional degree,Law,,,,,Did not serve,,
Westmoreland,Lynn,A.,,,04/02/1950,,M,U.S. Representative,Republican,GA,3,01/04/2007,01/03/2017,Baptist,White,High School graduate,Construction/building trades,,,,,Did not serve,,
Wexler,Robert,,,,01/02/1961,,M,U.S. Representative,Democrat,FL,19,01/07/1997,01/04/2010,Jewish,White,Professional degree,Law,,,,,Did not serve,,
Whitehouse,Sheldon,,,,10/20/1955,,M,U.S. Senator,Democrat,RI,,01/03/2007,01/03/2019,Episcopalian,White,Professional degree,Law,,,,,Did not serve,,
Whitfield,Edward,,,,05/25/1943,,M,U.S. Representative,Republican,KY,1,01/04/1995,09/06/2016,Methodist,White,Professional degree,Business or banking,Law,,,,Army Reserve,,
Wicker,Roger,F.,,,07/05/1951,,M,U.S. Senator,Republican,MS,,12/31/2007,01/03/2019,Southern Baptist,White,Professional degree,Congressional Aide,Law,,,,Air Force,Air Force Reserve,Air Force Reserve
Wilson,Addison,Graves,,Joe,07/31/1947,,M,U.S. Representative,Republican,SC,2,12/18/2001,01/03/2019,Presbyterian,White,Professional degree,Law,,,,,Army Reserve,SC National Guard,
Wilson,Charles,A.,,Charlie,01/18/1943,04/14/2013,M,U.S. Representative,Democrat,OH,6,01/03/2007,01/03/2011,Roman Catholic,White,Bachelor's degree,Business or banking,,,,,Did not serve,,
Wittman,Robert,J.,,Rob,02/03/1959,,M,U.S. Representative,Republican,VA,1,12/13/2007,01/03/2019,Episcopalian,White,Doctorate degree,Public service/politics,,,,,Did not serve,,
Wolf,Frank,Rudolph,,,01/30/1939,,M,U.S. Representative,Republican,VA,10,01/05/1981,01/03/2015,Presbyterian,White,Professional degree,Law,,,,,Army,Army Reserve,
Woolsey,Lynn,C.,,,11/03/1937,,F,U.S. Representative,Democrat,CA,6,01/05/1993,01/03/2013,Presbyterian,White,Bachelor's degree,Business or banking,,,,,Did not serve,,
Wu,David,,,,04/08/1955,,M,U.S. Representative,Democrat,OR,1,01/03/1999,08/03/2011,Presbyterian,Asian American,Professional degree,Law,,,,,Did not serve,,
Wyden,Ronald,Lee,,,05/03/1949,,M,U.S. Senator,Democrat,OR,,02/06/1996,01/03/2023,Jewish,White,Professional degree,Education,Law,Public service/politics,,,Did not serve,,
Yarmuth,John,,,,11/04/1947,,M,U.S. Representative,Democrat,KY,3,01/03/2007,01/03/2019,Jewish,White,Bachelor's degree,Business or banking,,,,,Did not serve,,
Young,Donald,Edwin,,Don,06/09/1933,,M,U.S. Representative,Republican,AK,AL,03/06/1973,01/03/2019,Episcopalian,White,Bachelor's degree,Education,Misc.,,,,Did not serve,,
